user_name - Split 1,user_id - Split 1
Manav,AG3D6O4STAQKAY2UVGEUV46KN35Q
ArdKn,AECPFYFQVRUWC3KGNLJIOREFP5LQ
Kunal,AGU3BBQ2V2DDAMOAKGFAWDDQ6QHA
Omkar dhale,AEWAZDZZJLQUYVOVGBEUKSLXHQ5A
rahuls6099,AE3Q6KSUK5P75D5HFYHCRAOLODSA
Jayesh,AEQ2YMXSZWEOHK2EHTNLOS56YTZQ
Vivek kumar,AG7C6DAADCTRQJG2BRS3RIKDT52Q
Pavan A H,AHW6E5LQ2BDYOIVLAJGDH45J5V5Q
ArdKn,AECPFYFQVRUWC3KGNLJIOREFP5LQ
Tanya,AGYLPKPZHVYKKZHOTHCTYVEDAJ4A
Omkar dhale,AEWAZDZZJLQUYVOVGBEUKSLXHQ5A
Priya,AGUAYQHARAKR2VZTRP276KAGETKQ
Deepaak Singh,AF2XXVO7JUBUVAOBTJ3MNH4DGUFQ
Birendra ku Dash,AGSGSRTEZBQY64WO2HKQTV7TWFSA
Manoj maddheshiya,AHEVOQADJSSRX7DS325HSFLMP7VQ
ArdKn,AECPFYFQVRUWC3KGNLJIOREFP5LQ
Rohan Narkar,AFB5KJR4Q5FICAHBOPDPUTB3O7QQ
NIRMAL.N,AHBNKB74LGTYUOKPAJBSKNFV45CA
Prasannavijayaraghavan G.,AFNYIBWKJLJQKY4BGK77ZOTVMORA
aditya d.,AEO5FHWNOSFBT554DKQAG4ICBGFQ
Rahman Ali,AHEVO4Q5NM4YXMG2HDDXC5XMBGRQ
$@|\|TO$|-|,AHIKJUDTVJ4T6DV6IUGFYZ5LXMPA
Ayush,AFSMISGEYDYIP3Z42UTQU4AKOYZQ
Yashpreet Singh,AGVUE2NFN2MQEOQ4PR525B2ZI5PQ
ATHARVA BONDRE,AFUT7ANZTZYGLXU65EQ2D5OP6UMA
Anand sarma,AFYR53OTBUX2RNAKUZHUJ4RFJJNQ
Amazon Customer,AHZWJCVEIEI76H2VGMUSN5D735IQ
GHOST,AFA332YHUPB6I7KMME7SOFX5RKQQ
Pravin Kumar,AGBX233C7B7D7YZEL7ZLFWMQKFDQ
Rishabh,AGHYCMV7RJ5D76UEZDZJPPEUGU5Q
Pratyush Pahuja,AHMKXORT3VNMB75C3EUBYMFYELFQ
Verified Buyer,AEQWVGESA7TDGK7KZ4DAJQGYH32A
Placeholder,AF477BP57JM7Z4JD4PYB2K33R6AQ
Jayesh,AEQ2YMXSZWEOHK2EHTNLOS56YTZQ
Wraith,AF2IRSQZKMBGX44YDNUPYRHWXOZQ
Anmol,AHUH7OYN3LAUATF5EGA575WCDI6A
Abhishek Kumar,AGDOVGWZKEQ3M6DA2GHV6WUZT5SA
Koushal K Jain,AHRUMHBZ7IAQPLH4W5Y3A6HLQFVA
Sameer Patil,AHB43CZ4RHLJ5S6CBOWX6MEI7J4Q
Manav,AG3D6O4STAQKAY2UVGEUV46KN35Q
Paul Joe,AEM356PVXFHAXWV56KDO75FS5WPA
$@|\|TO$|-|,AHIKJUDTVJ4T6DV6IUGFYZ5LXMPA
Amazon Customer,AE47XF2766XJOEOI42DVP2HMB4YQ
nilesh,AGA2PZGWMQIRA46VYOTICFE7KCBA
MONTY,AH5G2FWQ6AJBXK2IDCA22BNQTT2A
Neeraj Vishwakarma,AF7IXQKBUL6NEIQG4R53LMJJUGXQ
Anonymous,AHDFR3PDKEBV72HXRL3RJJLS3YYA
Neeraj Vishwakarma,AF7IXQKBUL6NEIQG4R53LMJJUGXQ
Arun verma,AFWJSD4AVIM6DC3YA63G2QPENQSQ
Amazon Customer,AFIU4APGHOFMXEOVMSQMYKMZ46QQ
Vipan Agnihotri,AF36YUJUEUU3SA42PFAULM2F5RYA
Jacob.,AEOM4KLP4SKKVSOCAMP7ORLGPGUA
ATHARVA BONDRE,AFUT7ANZTZYGLXU65EQ2D5OP6UMA
nisar,AGH3POHLPXABF3I4ASSGTRXAUPPA
Arun S.,AFDCSF36NJYXASQOJCQWFQTN7SDQ
Periyasamy,AED54H4JXQGZT6GANH6PJN4SNU7Q
Binu,AHDIDVECFGA6OQRNUBPUO6366UGQ
pruthvi natraj,AF42EMTPEJAL4LNEPPX77TN77UHA
harpreet,AEITVIFC7WZAEQDIVWPB4KUGKLRQ
prateeq,AG6WSLLXZY52HSQUY5PRCXTCYQYQ
Thenmozhi,AF6SKHWKK53BMAI6UVJA5FJMLK3A
ARUN KUMAR A V,AFXQSBDW6232K22UMJWF5PMYX5RQ
Prashant Pradhan,AGZU6C2XL3X2B4NEWLQJDSJ75QGA
Hremant,AHVZCQP5SYIVGZJK4LRP55ZXWETA
Ravi Shankar,AEOIHOJD3O5MYSVWZOBDUJGYWZGQ
Satyanarayana,AGE6O2NLNA3NUGORPU4SDK2S23QQ
prateeq,AG6WSLLXZY52HSQUY5PRCXTCYQYQ
Vijayan C V,AEGZSNGSJJAEMJ3RRNVZTKUILOHA
livin sebi,AFJVYK4FXVGRSTSLGVUE5JGB2NVA
Gopal krishna rout,AHH2TIJJ2IGD5H3DJO3FROUHRRSQ
Actual user,AGU76WKSU62DUNTPCMTC4FCUNRTQ
Nilesh K Salvi,AFRONQAZPYZARLWLDQM2VXS7ZTIQ
Vinay,AEBHZQJ4R2TZ57GOCSTMIP53F4JQ
Dharminder Singh Singha,AEC5PUIW4OSIDDQED7WLXG2S7TOQ
Manav,AG3D6O4STAQKAY2UVGEUV46KN35Q
$@|\|TO$|-|,AHIKJUDTVJ4T6DV6IUGFYZ5LXMPA
Naresh Patel,AFZBEV4BOWGRSEH2PK7D65ZW66PA
𝕵𝖆𝖙𝖎𝖓 𝕮𝖍𝖆𝖉𝖍𝖆,AHDJJLKORMH72SSEBWOVAKE66EHA
Sunil Funde,AEXK37TSBFHSP2TYE63YPKETWQ7Q
Abhishek Kumar,AGDOVGWZKEQ3M6DA2GHV6WUZT5SA
Ayush,AFSMISGEYDYIP3Z42UTQU4AKOYZQ
Binu,AHDIDVECFGA6OQRNUBPUO6366UGQ
Nadhiyarasan,AHFENRYJG4LPXDTUGEMG335VICSQ
Manav,AG3D6O4STAQKAY2UVGEUV46KN35Q
SQL,AGMJ6TDLOVZIR5ZU65TLJFSLG2BQ
ATHARVA BONDRE,AFUT7ANZTZYGLXU65EQ2D5OP6UMA
Omkar dhale,AEWAZDZZJLQUYVOVGBEUKSLXHQ5A
Vivek Ramachandran,AEC4ANXPPWN4RV5YG4JXEVPUXTHA
KIRAN BABU BIREDDI,AGACKHUULXIV2SLNKKA6GWQOP7JQ
Mohseen Qureshi,AFOYOG3YKIOLPTLR3RZNRGUHHEAQ
mohamednathar,AGDR4WFX53YFXTBXAHC65MMBDERA
kishore movva,AH5JH2QLZDYXTHIDXBBLTDHQUALA
MOINUL H.,AHQC27SWWMUOTO3W7NGIG7KPX2AQ
Kiran Kolla,AFKENW6K3CFMTD3EGXQCUGK5XWWA
parvinder singh,AHDC2HUUNEL6GRJRX5TTOVKITONQ
Ananya S.,AGD3F3J523RVZPEJGZE7WPFJXONA
Pritam Roy,AGHKFSJFKP7E3JJOXV3C6UPGZKQA
Manoj maddheshiya,AHEVOQADJSSRX7DS325HSFLMP7VQ
Pratik,AGKNFVSMZCSEFHPASWFBOIYKRZJA
sameer Dubey,AHL2CPZ63TFC3VB3RUVZVPFC2YZA
Manav,AG3D6O4STAQKAY2UVGEUV46KN35Q
AkashP.,AEIFMHDK4ETHLYWSV6TUFNSJU4MQ
UtdBuzz,AHY6AK5LXBTGXDDXSU57ISMDW55Q
Jayesh,AEQ2YMXSZWEOHK2EHTNLOS56YTZQ
Ankit,AFCMYWUZMOK6KHPFLL4DTRV2KHWA
GHOST,AFA332YHUPB6I7KMME7SOFX5RKQQ
Rishi V,AE4KODYP3MGRZS2JI6V7ZWVI5CHA
livin sebi,AFJVYK4FXVGRSTSLGVUE5JGB2NVA
ravi,AG47CSNDLDSLE7BQWBCUPL4IMBZQ
Rathod Lakhan,AGNRJFR7GTAKNDLEQNVGQMRVURVQ
Anand Tiwari,AFYFQI7B55R5LXO2D3JPD6FBNUCA
PARVEJ MALLICK,AEZDBVRL3E3S2Q2C7LEY3TTQVVFA
pruthvi natraj,AF42EMTPEJAL4LNEPPX77TN77UHA
SyedShoaib Afnan,AH4LJDHSBLPNJYLQGQ53EQ6DBVZA
Ganesh,AE2JTMRKTUOIVIZWS2WDGTMNTU4Q
Abhishek Shode,AHY3QEA3CVS57POB64VVMQSPHHHA
Denzil Varghese,AHKTEC7ZVRWNAA66KB3V5REUQG6A
Ravi Naresh,AFP334GQV3WBH6XJIX5VITMYOH2A
prateeq,AG6WSLLXZY52HSQUY5PRCXTCYQYQ
Ranjeet Singh,AGLZUIR2UEQJFHZ6KGUGFYPYINNQ
Amazon Customer,AFJXTHVSM4WSXPKINO6S6L4OI5CA
giribabu,AF3IXM2LI57OSMIOBF55GYWRIYKA
Swapnil N,AFQW4AC4GLYGQC4MXQWMGJM2FWRA
Madhu Sudan Rankawat,AEPML5IRZNUCCZNZDPAXESOPY6OA
Ayush,AFSMISGEYDYIP3Z42UTQU4AKOYZQ
sameer Dubey,AHL2CPZ63TFC3VB3RUVZVPFC2YZA
Arun,AFEQNJUAIGTASKXSGSUUOTDMOMDQ
Amazon Customer,AEDMOT4JJAD7UCEFLEA76Y526CGQ
Ranjith,AH4BURHCF5UQFZR4VJQXBEQCTYVQ
Raj Mohammed,AFCWL3MX7BP2ZUDD37MEAENZDQ2A
Placeholder,AF477BP57JM7Z4JD4PYB2K33R6AQ
Mandar Joglekar,AFO7T5DJCA34LXNLPEMNTUPHBA3Q
Vishal Nagpal,AELO5I776X3QUOQZ7AEEFC565CYA
GHOST,AFA332YHUPB6I7KMME7SOFX5RKQQ
Abhay Goyal,AFAQLRAKYASFXOQP7MS6SZK4STIQ
Anonymous,AHDFR3PDKEBV72HXRL3RJJLS3YYA
Girija Mohapatra,AHGHFJXREBY4F2LI3M6SFLSWC75Q
Fateh,AHXA44TFJADWFEA3DHLJWVUKZVDQ
ABHAY SINGH,AGD2H2SMDLQK62MH7BFWQ2INBP2A
Brian Visvasam,AECPQWPXGTZOXEYOPZXTZQ5ZG23Q
Siddhartha G.,AFPP23GZ4AVHPQZCTP3HRAABLJLA
Mahender Singh,AG44ZU44LAA7BHECDW5VB2ZMEP2A
Sreejith ks,AG7TJLDLH3HOUPRBUFW6KNUEGO4A
CH Venkatesh,AEH3MURR76DG3TEX3NXIJVJTKBLA
Pratyush Pahuja,AHMKXORT3VNMB75C3EUBYMFYELFQ
Rahman Ali,AHEVO4Q5NM4YXMG2HDDXC5XMBGRQ
Pavan A H,AHW6E5LQ2BDYOIVLAJGDH45J5V5Q
Akmathambil | XplCreR,AGG2AULXZCI6G44ST3BNAHRWDR5Q
anurag jain,AE242TR3GQ6TYC6W4SJ5UYYKBTYQ
Ganesh,AE2JTMRKTUOIVIZWS2WDGTMNTU4Q
Amazon Customer,AH6QHRMENKX6PFBXHEVDIWEKJSKA
Amazon Customer,AFWKYTQRPXNGB7RII7ZH7EABC7EA
T A Rajagopal,AFUR3EWCD6OMWNI7EGYK62PDJL6Q
Amazon Customer,AF5XVR5OXJ67BJZGIOYFMQDQIGGQ
SMG,AH3ZH5IE4MTFB3T33O3QSGLU4BBA
Vijayan C V,AEGZSNGSJJAEMJ3RRNVZTKUILOHA
Nik Xavier,AFYQPTD6YGHPLNTGAOUBK6JTRVTA
Khan,AEMJJNJTRB4DQ2EMQQRJ6N2SC2XA
Pinky,AGAVEOWLSMUI7WPD3OHUVNHQ233Q
Pratik,AGKNFVSMZCSEFHPASWFBOIYKRZJA
MANIK SK,AGSMOEVIV64A236CLW3B5JHPYQIA
Moon Tej,AEJGEJAGW7MDJMBVY7KB7KBKIYYQ
Ajinkya M K,AHPG3AAPVL7HKSID4IPJ5MDAMAJA
Shweta Bairagi,AGYAPOCHJTBVSKV3GSONJ7VXL3PA
Ayush,AFSMISGEYDYIP3Z42UTQU4AKOYZQ
Actual user,AGU76WKSU62DUNTPCMTC4FCUNRTQ
Soumya R.,AFVNMGQ2XHQL55BFESLIHGPCW6LA
Amazon Customer,AF7EOXYL5K36BDP6PXF6K2TL5TPA
POTNURU RAJINI,AG2Q7FISK54KBSPHF7CNNGZ3GLNA
$@|\|TO$|-|,AHIKJUDTVJ4T6DV6IUGFYZ5LXMPA
Abhay Goyal,AFAQLRAKYASFXOQP7MS6SZK4STIQ
$@|\|TO$|-|,AHIKJUDTVJ4T6DV6IUGFYZ5LXMPA
ravi,AHSDVZ3ZSHUMFGDLVVGATDIWKHTA
S R.,AHMHM5EFODDANIMBHGM2T74BEJHA
Abhirup,AFHDJKCENRGUUZD2EYH6VDCJO5SA
Aaditya,AHPAC3MT3XXV27WWU7U5AN7RLCXQ
Wraith,AF2IRSQZKMBGX44YDNUPYRHWXOZQ
Gaurab Chakraborty,AGPOYBESW4JLTMELJLGMLV4JKJEA
Partha biswas,AEWPCJ6MCXV32JXQHYGODOOEIJNA
Wraith,AF2IRSQZKMBGX44YDNUPYRHWXOZQ
sameer Dubey,AHL2CPZ63TFC3VB3RUVZVPFC2YZA
Sunil Jeurkar,AEG3HYLEKKRSE4WITBF2CB2GIAXQ
Mahender Singh,AG44ZU44LAA7BHECDW5VB2ZMEP2A
Amazon Customer,AFIU4APGHOFMXEOVMSQMYKMZ46QQ
Binu,AHDIDVECFGA6OQRNUBPUO6366UGQ
Saswat kumar Rout,AHGPOB3Q2BTBR2WJNJCFAYF4XXLQ
Dr. R.,AGQTTQWEOQLPO3PV6XEDCWZHVFNQ
samarth shukla,AFQGGBH7UOPRRK6A4FS6UAHBBR6Q
$@|\|TO$|-|,AHIKJUDTVJ4T6DV6IUGFYZ5LXMPA
Manoj maddheshiya,AHEVOQADJSSRX7DS325HSFLMP7VQ
VM,AHWC76VEMF5NNLUBQCANCBHLBRNQ
Raja Vankadara,AEGJWEAXJNRH3OLXI7JE3VRTSNWA
padmaprasaad,AGSP27IDVRXVVRJOLLTCIXFFIOTQ
Angsuman DUtta,AFHX6LN2EGRSLCIKZERTK236KJWA
Srinivas Pasumarthi,AE22Y3KIS7SE6LI3HE2VS6WWPU4Q
Surya Praveen,AHPHVDOD3W672U45KKZQIJZTHLGQ
Kakulie,AH3JUIQYDAPZIELYMMCLQIF66NDA
R Ramesh,AFEJFJOFJO4XQTAUFXZALFURTCUQ
Seyadhu Hussain,AG6TQFT2J2BQW67NBTLB4X6XYC5A
Digvijay Kharbas,AFY3XWUSTQABIV5OERXNLAPIZBTA
jagadish,AF42E36WI766TJEIU3A43B5SKHDA
Amazon Customer,AF3XUWT2436N7RHNRA7RNALJB74Q
Arul Prakash,AGOYJRXFFVVGZDJTZV474WDLAPUA
Amazon Customer,AGUQMWXN662DIDUVJPAO45CEY22A
Pravin Kumar,AGBX233C7B7D7YZEL7ZLFWMQKFDQ
That Crazy Photographer,AHXJZSVEOLZI5RBMJNOHPVSA2DNA
Sangita,AGZNXVDF65JCLJDZWWFVCR6TRSZA
Ajay kumar,AG54KGAZMF7BPHMMR7QDFEV2U5UA
Rashmi,AG3QTVXT2ODRVKOQJJRDV5KA2F2A
Amjith' S,AFGN6I3CNM2SKJXVEEVVXF2DPB5A
Bharanidharan,AESNQRQGPFRFF3MIKZ6HWY3Z5XPQ
Ajay,AFCGAYGFQB27SUPPS7RARVDFJXVA
Manav,AG3D6O4STAQKAY2UVGEUV46KN35Q
Yamini Negi,AHPRJMHMROWKAHQBSB6YAMELKFDA
SNR,AHKONLROYYEFMPWU5WN7NC5VZIEQ
chandra,AHX6CSQGEBRWNFP27HRO6OHTKYXQ
Lokesh bhandari,AFYPWMPR6XXQPAOLMGPWOW6HULQA
Amazon Customer,AH2ZL3XW4QRBYIRYW5ILLXDH6A5Q
ravindra,AG4UNVU75Q7SYSAHMQ7XNPAM4Y2A
Rohit aggarwal,AFFPESMMRAITVW75DEFP65LRTM4Q
Harihara,AFM3PEUDKST5I4ABCDADACT6UJCQ
Anubhab,AGDDIKK55GNJNHHGBYXRZNFAJVSQ
sanjay,AHHEVDG5NWTNJRAW4M5FIRKMFEEA
Amazon Customer,AGTBGMKWQPUZJ2GA2XPICHD2VTKQ
Prat JD,AEBPRGXBZGLP7GSDVHJW7MDK6TRA
Rakesh Reddy,AGNQUDW2ISLRVQVYA7AJNMFTZYAA
samarth shukla,AFQGGBH7UOPRRK6A4FS6UAHBBR6Q
Manoj  kumar,AEDY5UAJ26E6AID2QBRV2B3DEOEQ
umakanth,AGKXFGRXVN4CMGMCT5SGOPB6BBIQ
saidheeraj ravipati,AHKMDJ4Y4EBQDNX6WV4U6DCESQXQ
Ankita Thakur,AHSO2WSPV5UTH5J2K6MN5IZAIOGA
HaRshal Kapote,AE4DPKX5AMUCEWM4543JPWAZVA2A
Actual user,AGU76WKSU62DUNTPCMTC4FCUNRTQ
SMG,AH3ZH5IE4MTFB3T33O3QSGLU4BBA
Jayraj Datta,AHAYLVC4ZJEXYUCSYHJGH233MBWQ
Princey,AHGRRV5SETS34URXKM5JR365ZGKA
Chandu,AGTDS5KNVHNHIPGTYNC4NBE7HJSA
𝕵𝖆𝖙𝖎𝖓 𝕮𝖍𝖆𝖉𝖍𝖆,AHDJJLKORMH72SSEBWOVAKE66EHA
Placeholder,AF477BP57JM7Z4JD4PYB2K33R6AQ
harpreet,AEITVIFC7WZAEQDIVWPB4KUGKLRQ
Aneesh See Yay,AG3TIHPAHFYCX3XQ3TQ2OB5IAJXQ
David P.,AF6Z2OYIXRPZJHVYN2MFKKYHPHFQ
Rakesh Roshan Koul,AFTUS3YZBNWUVW7FV7AQ4O532UNQ
hema,AFYEHXFPJRMXSQKK7PTK5TRWUQUA
Tarun Gupta,AF2544C4RGIBQX7Y4JMKMSMXMRRQ
$@|\|TO$|-|,AHIKJUDTVJ4T6DV6IUGFYZ5LXMPA
Samadhan patil,AECWBGFECHOEYECHQGPMWRYNKHYQ
UtdBuzz,AHY6AK5LXBTGXDDXSU57ISMDW55Q
Arun Rajappa,AH3JHXC477GL3HYXL4XPOZS5SXRQ
Soumya R.,AFVNMGQ2XHQL55BFESLIHGPCW6LA
Omkar dhale,AEWAZDZZJLQUYVOVGBEUKSLXHQ5A
DINESHWAR,AEFJC2FTSOL3UWEG42NAOBRG5VTA
Vikas,AGLYU2PCAJAWMX2SQ7Z44TQCOB5A
Sunil Funde,AEXK37TSBFHSP2TYE63YPKETWQ7Q
VM,AHWC76VEMF5NNLUBQCANCBHLBRNQ
Jarlina Nath,AH7NTBDGAMGOFFADEVWJL3O4YQ2A
Sayan Dutta,AGIZGHZQQHZLE5L3CHVG7RHBP32Q
Ayush,AFSMISGEYDYIP3Z42UTQU4AKOYZQ
Amit Singh,AFHYWVMTDKYPL2TFEVYTCNHJPJZA
SUSHANT,AEWC3QIWDPNHJSLVO6MS62ERGB3Q
meen rajan.,AH2AV6EDMROMZAYJHVBRKP3R3MZQ
Ajay Singh,AEE46IBP3ZPVE6S3HRLREKFHW6WQ
Moon Tej,AEJGEJAGW7MDJMBVY7KB7KBKIYYQ
Rohit Bhatnagar,AF7BXYFKSFYOMLSKCZE4ZVWITELA
Kiran Kolla,AFKENW6K3CFMTD3EGXQCUGK5XWWA
Ahmad,AFLOBYPV2H5LSTBAHZWAMF3DHSBQ
Praburaj,AGWAYDRCPJOSWY4HN36O4426WURQ
Amazon Customer,AERUC72DWRPOM2EHX3YBTBPKYV7A
Binu,AHDIDVECFGA6OQRNUBPUO6366UGQ
Sachin Dsouza,AG5P7BKN4M3JH7HW64UV4Y2QZGHA
Manoj maddheshiya,AHEVOQADJSSRX7DS325HSFLMP7VQ
Amazon Customer,AGYH5QJAFM2JTPYPHRVG23I23RZQ
Mahesh Janardhanan,AHFLHYGGLNAPDY7RTZ4NA4OFL22Q
Mohd Arshad,AHVAHTQWBVQ564OYZLFO3ABDUUMQ
Raj Mohammed,AFCWL3MX7BP2ZUDD37MEAENZDQ2A
Rajni Gupta,AHSXEBRVZO6MAYZRN6O6ZGT6TQIQ
Placeholder,AF477BP57JM7Z4JD4PYB2K33R6AQ
Logaraj m,AHQCV7O3JOMFFMD7EGIZ2NGSU6JQ
Shilpa M,AEOHCZKNWRXT3H4Q66WMEMB672IA
Sandip Shingrakhia,AHILWO2P2PT6EKK2HS4EALRJIQ7Q
Gaurab Chakraborty,AGPOYBESW4JLTMELJLGMLV4JKJEA
Harish Thirunahari,AHH74UTDYQPVBMM4HEEMRAU2DNMQ
saatwik,AFKKM4SXCCLJDRUQUZ6J4W7HLDYQ
yash,AFXA73X6367FW6C7AQNXOTR7BZ3A
Jitu,AH34W5DLRK5DLTLP73YKFLTTKWAQ
SOURAV DAS,AH42ECAG6LPCU22T5BYN5OXQO74A
Abhijit Mukherjee,AESPOE5Z2FMNU577LDO7HKJCEDOA
Princey,AHGRRV5SETS34URXKM5JR365ZGKA
Kalyan Matamarugu,AGTN6JPEMBFO4TWE6KBORDHUBFLQ
Geeta,AFSQ45FBSMOSSRWIPLZFD7UKF6SQ
Chandrabose C,AGJUSTWREQRCTY3KJHDL6I2MZDTA
Love,AFYOI4QB47I7I4QHNU3PF6ZZCAEA
Yashpreet Singh,AGVUE2NFN2MQEOQ4PR525B2ZI5PQ
Bapuni,AG6BJSKUOVW6DOSEHJ6OLIDCO5MA
Shivakumar,AFWESPH2F54JGI3PJYU2NINBVCAQ
Suvaraj d.,AHCVVEWW2RUKPIMC63N6LXF2DQJQ
Willgo Green,AGT2U62GEVEA2CAXYALEPKOKBLAQ
Mahesh savale,AH7535IQDY5KVV2I6ASNOZJC4KAA
Pranjal,AFRFZ7MZMMLKCQJ726M5IWMCUUKA
Ajay Kumar,AEGZAYS4PGUN7JSO2F4KZDPBJTPQ
Sparrsh Sharrma,AHLV4POL25DONGJ2Z2BDVAI72QEA
Manoj maddheshiya,AHEVOQADJSSRX7DS325HSFLMP7VQ
Aakaash Ramchandani,AG6CREU25N6P2H7RCHNIU6GGJ5BA
Wasim Mulla,AF3KXMJ35ELNULRGLJMSPONWTBLQ
jegadheesan,AFSOR5M3BW2YXCRDCQKOL2V65TGA
Uzair Drabu,AFZT774FU3LOJGEW7JSAXOD24OBQ
Hemal Jani,AHNCUNHIZXTMX6V4WVDHJVC6YOHQ
Baiju.MS,AFQXCIIKXSM2VN3IHACSKPZ3PEGQ
BRG Goud,AHM35ZOWV3MFJWNPDZOGEEHDWCJQ
Manikantan V,AG3J37R72LBQQ44KNHS3X3ZYQK5A
MATHEW JOSE,AEFVBBYV2B2FDYETNBPLPC5ZBS4A
Naveen..navee,AHUXDK77R5GLFKEDEMYFDNCN2OQQ
MUNIYANDI. D,AG2CJB47VQE4AVBUYWE7TYPVMYHQ
Partha S.,AEXKMEVDTMU6TP5NMM6O242XCWHA
ESAMPALLI ANUDEEP,AGJ42BXEHWTZHDEWDT6WH6PRY62A
Rashmi,AG3QTVXT2ODRVKOQJJRDV5KA2F2A
Shankar Raman,AEY5PQYPSQDGMJCPRPSLJKFM6ELA
Mahesh savale,AH7535IQDY5KVV2I6ASNOZJC4KAA
Uzair Drabu,AFZT774FU3LOJGEW7JSAXOD24OBQ
Sony Soniyal,AGL3JTQ3ZE2OROHL44I2WVDP2Y2A
Amazon Customer,AGQYZLWPXBTZCFFSJ7N4E5MU6FQA
Mohammed Auquib Hussain A,AHOYUSKWQFXDLOTRT43FCSHP3WIA
Amazon Customer,AGTBGMKWQPUZJ2GA2XPICHD2VTKQ
Manoj S.,AGHG6WZFWKAYCOJU6QMZHYDRE54A
venkatesh kg,AEC6UDCEAUIBIFHGQDQ4KR67GC4A
yogita ratre,AHUGCKS7YANTMDYINXQG2UDTU4JQ
AV,AHPYDFW6Y3FIQGD2RJPBFF5QNVRQ
Vaishnavi,AHIBP55ZTOTM3MNBFPQKJIX4TONQ
ASR,AEREO7C5GLYYYV6YXK7X4UCCQTJQ
ASR,AEREO7C5GLYYYV6YXK7X4UCCQTJQ
Vaishnavi,AHIBP55ZTOTM3MNBFPQKJIX4TONQ
Vaishnavi,AHIBP55ZTOTM3MNBFPQKJIX4TONQ
Prashant,AG44HJB2AMIVHAGQZ2WGWONERKCA
Sumit Nath,AFGHRQK34D54OXQCRGX5K3XTR66Q
Prasad Pavithran,AGPBZBEFPFL64PWRZX32JSZUHDMA
Vishnu VP,AGOWF5LLDDKUJTPYF4WOO5RKT4JA
Suleman saifi,AH4OX4YZN7FYK5EGLIGSPL7V5GEA
Mahantesh,AFIJZPIDNQJFJUO46X7TVPBDYSCQ
Rakesh Roshan,AEIYWH2ASVIR6LTJ2JBXPQLOUYNA
Prashant,AG44HJB2AMIVHAGQZ2WGWONERKCA
Vishnu VP,AGOWF5LLDDKUJTPYF4WOO5RKT4JA
Topchi,AHHN6OTOZ24Z3BWFJHUPDGRMSVCA
Debanshu Saha,AGHVT7WT5L4HJE2K7U2JG2YCED2Q
Harsh Saxena,AH6ATQVI2YBUXDHJEADXMVOBBT2Q
Ranjitha Parida,AF3JE3MHGVCOATHASUTMN3VGF3UQ
Rahul Singh Rauthan,AH2OARRWRYKQNYKCWGQKO3NOINQQ
Atulya Sinha,AHJJY3GFDJFTDTX5536IMIXVNCNQ
Prashant,AG44HJB2AMIVHAGQZ2WGWONERKCA
Satheesh Kadiam,AGAELRYPMTG5SADZPDYB343EASAA
venkatesh kg,AEC6UDCEAUIBIFHGQDQ4KR67GC4A
Deepankar G.,AEJQT5NMTAM2ZRPQDNGLOL6NTKRQ
Atulya Sinha,AHJJY3GFDJFTDTX5536IMIXVNCNQ
Amazon Customer,AF526AFELIHNPVD5FL7SX5YLF35A
venkatesh kg,AEC6UDCEAUIBIFHGQDQ4KR67GC4A
Manav,AG3D6O4STAQKAY2UVGEUV46KN35Q
venkatesh kg,AEC6UDCEAUIBIFHGQDQ4KR67GC4A
Mahantesh,AFIJZPIDNQJFJUO46X7TVPBDYSCQ
Anubhab,AGDDIKK55GNJNHHGBYXRZNFAJVSQ
Vineet,AHQIYGWISGS2IQAQ3OM4IZHKIV4Q
Sanjay G.,AEL5HU25IP7YT5WK3LXNC5M36NBA
ArdKn,AECPFYFQVRUWC3KGNLJIOREFP5LQ
siddharth patnaik,AHWRZWPCTG6ICA7WTNLNNZXWFI5Q
Kunal,AGU3BBQ2V2DDAMOAKGFAWDDQ6QHA
venkatesh kg,AEC6UDCEAUIBIFHGQDQ4KR67GC4A
Mahantesh,AFIJZPIDNQJFJUO46X7TVPBDYSCQ
Amit Kumar singh,AHPBU5B6HIJJUIPIX6GIPYKPNZ3A
ANURAG,AE4755NP2P2WIA3W6UZ4GBQUMYJQ
Shyam,AGUFJYDE6UKS5WLQYUXYVT5OTWCQ
yogita ratre,AHUGCKS7YANTMDYINXQG2UDTU4JQ
Chandra.g,AEW3QDKETJO6JJTGK5JI2ZW2PA3Q
Indro,AHALPOEUQFGXEZR6NQ64ZI3EIYXA
Akash V.,AFDRGTOQGLLJ3FEYVGQHQY5XYERQ
Sankalpa Chakma,AGB2L4VZFZQISJ44XSXNEQOKSTVQ
Ranjitha Parida,AF3JE3MHGVCOATHASUTMN3VGF3UQ
AV,AHPYDFW6Y3FIQGD2RJPBFF5QNVRQ
Omkar dhale,AEWAZDZZJLQUYVOVGBEUKSLXHQ5A
rahuls6099,AE3Q6KSUK5P75D5HFYHCRAOLODSA
Goutham Giridhar Kamath,AFLMOZFV4PMKSM3JHJ7ITUT6OVBA
Andy,AFBVVELP4GVFVUNT2JCI5JHVGRWQ
Shekhar Badola,AHTVBHRLCBX5E5GBPONFYZLCNBGQ
pawhnai,AE5X7F5K6HASKKQZGUJEF3VZFRRQ
Satheesh Kadiam,AGAELRYPMTG5SADZPDYB343EASAA
siddharth patnaik,AHWRZWPCTG6ICA7WTNLNNZXWFI5Q
Bhathresh,AGRV2QBB6JEZZOFFU2SXQ6MD4FKQ
Jayesh,AEQ2YMXSZWEOHK2EHTNLOS56YTZQ
Syed Musaddiq Shazeb,AE3SQVHSPJCIM3FT4MYLZOLX2ZSA
Chinmoy Saikia,AHPK4PXDZS4FBECPMPFQOZRLDPAA
ASR,AEREO7C5GLYYYV6YXK7X4UCCQTJQ
Diamond heart,AENDUJB5OZB6K4DYJJ6JCWFTSRCQ
Isfahan A,AHDANFLZ6CRP3NUAFEG5KMPPZOFQ
Satheesh Kadiam,AGAELRYPMTG5SADZPDYB343EASAA
Dinesh Kumar,AHLYJKN3B45FGUXNLI7HBJRMQXBA
Atulya Sinha,AHJJY3GFDJFTDTX5536IMIXVNCNQ
Rohan Kumar Gupta,AF535RV7I3GDWBJZWB7HOLHYAUFA
RAMKISAN,AFZRJWGYUFNULZQLL27PLZYMTYFA
Chyanika,AHCZZTKJ5WN7WJSQU3HWL2LK6XQA
Vikrant,AFAKEZV7KMVT2SGF4KYWXGQRIW4A
Vivek kumar,AG7C6DAADCTRQJG2BRS3RIKDT52Q
Satheesh Kadiam,AGAELRYPMTG5SADZPDYB343EASAA
archit,AE6CROVUGPHR7BRT5JASNRWSPBVQ
AV,AHPYDFW6Y3FIQGD2RJPBFF5QNVRQ
Pavan A H,AHW6E5LQ2BDYOIVLAJGDH45J5V5Q
ArdKn,AECPFYFQVRUWC3KGNLJIOREFP5LQ
Dongay Rajasekhar Panda,AGAPGK7QBUJDHYEHVEZIJSSU6RXQ
Satheesh Kadiam,AGAELRYPMTG5SADZPDYB343EASAA
Velir,AFLBLMPC4WUEDUWHLHBQVY5AKH2A
Meghnad,AEJLOEHISUISLO2Z4RE2TO2V6NGA
Tanya,AGYLPKPZHVYKKZHOTHCTYVEDAJ4A
Indro,AHALPOEUQFGXEZR6NQ64ZI3EIYXA
Samar Kumar Das,AEKSR7FVH2XR55S47DZZLAFA4KHQ
paul,AFIC3QEUDEWLWIHED5B64254Q5QA
Santosh Verma,AFLKEO2K6COQHU2DXPFV54VSZYDQ
Ajit Kumar Rai,AE2OFVZSIE6KSBAPG6GMKCER35LA
siddharth patnaik,AHWRZWPCTG6ICA7WTNLNNZXWFI5Q
siddharth patnaik,AHWRZWPCTG6ICA7WTNLNNZXWFI5Q
Indro,AHALPOEUQFGXEZR6NQ64ZI3EIYXA
Sethu madhav,AE55KTFVNXYFD5FPYWP2OUPEYNPQ
Aditya Jha,AFFOR2CVZKO4LFXRBJ2WEQXRHDKA
siddharth patnaik,AHWRZWPCTG6ICA7WTNLNNZXWFI5Q
Omkar dhale,AEWAZDZZJLQUYVOVGBEUKSLXHQ5A
RAMKISAN,AFZRJWGYUFNULZQLL27PLZYMTYFA
Satheesh Kadiam,AGAELRYPMTG5SADZPDYB343EASAA
Chandra.g,AEW3QDKETJO6JJTGK5JI2ZW2PA3Q
Abdul Moiz,AFDITJCB5D4EOPYZKGP5RGRJFVLA
Ankita Dwivedi,AHECNVXSW6REC5TOGBH6OJXIBL4A
Thukkaram,AELBDTDLN6LH4TEVDSSVNVRMHOTA
sarangam guru prasad,AEJKUZQM36XSQ4JKVC4UBWE5YJJA
Suhail Kazmi,AGPVN62QTZNEHCVDPA4237YQ5VMQ
Amazon Customer,AF526AFELIHNPVD5FL7SX5YLF35A
Priya,AGUAYQHARAKR2VZTRP276KAGETKQ
Rajasekhar,AEN657OFUBBVTAFRFCOOUKFBNQ4Q
Deepaak Singh,AF2XXVO7JUBUVAOBTJ3MNH4DGUFQ
Prasad Pavithran,AGPBZBEFPFL64PWRZX32JSZUHDMA
AV,AHPYDFW6Y3FIQGD2RJPBFF5QNVRQ
VK,AGQIXFPHABUZ2WPETGRYDB7VSMXA
Ishwar Singh Sankhla,AHJHHQWQ25VCIQHG5XMZN5MRZFYA
Jeeshan,AGZD3RPRHHX2DKW6TEB65JLH5S5A
App,AEYLB6L333GKGCRGR5N6NDB335TQ
anurag,AH7LW3BCJBLCZTMWBOFL33UGIRBQ
Birendra ku Dash,AGSGSRTEZBQY64WO2HKQTV7TWFSA
Amazon Customer,AF526AFELIHNPVD5FL7SX5YLF35A
Ranit Barman,AFTS5BKDRY7Y23B27UVBE2V6TOHA
Prasannavijayaraghavan G.,AFNYIBWKJLJQKY4BGK77ZOTVMORA
Prabhat Chaudhary,AHCJOEQEARI6IQ2XGJ6HTGQSRUXQ
Vishnu VP,AGOWF5LLDDKUJTPYF4WOO5RKT4JA
ArdKn,AECPFYFQVRUWC3KGNLJIOREFP5LQ
Sweta B.,AGYPVBWZGS5N6B4LBSHETPVHMKUQ
Rohan Narkar,AFB5KJR4Q5FICAHBOPDPUTB3O7QQ
Anirban,AHZNSNBVKQR4OGJAQHE4DCDA4YHA
Deepak Rathod,AFICHFCZ5WJJOZ6HM67EQ2L3YYTA
Shaik John Saida,AGGXWYRLPMULBPR7OXPEV6SNOMIQ
jagdish,AHFDZC2Q6XYLTF2H645HIE2ABOTA
$@|\|TO$|-|,AHIKJUDTVJ4T6DV6IUGFYZ5LXMPA
Sneha Suyal,AG2WVO7W7ODQCKIFZ4EEIQSC5Y7A
Satheesh Kadiam,AGAELRYPMTG5SADZPDYB343EASAA
Sneha Suyal,AG2WVO7W7ODQCKIFZ4EEIQSC5Y7A
Rajan Raju,AHXMSMSLFDG7IIBBIVO6DY5RPVCA
Deepankar G.,AEJQT5NMTAM2ZRPQDNGLOL6NTKRQ
Santosh Kumar,AG2V3QSA4MVD6RPA5UGUMYMH3PXQ
$@|\|TO$|-|,AHIKJUDTVJ4T6DV6IUGFYZ5LXMPA
ANUSAYA KAR,AH3PBQI6DTRU4WDPCYH47DK2JQ7Q
Unknown,AE3JIMEZHC22EA7YZAUQF7VOUIFQ
siddharth patnaik,AHWRZWPCTG6ICA7WTNLNNZXWFI5Q
dhruvi,AEJHP62NHRVRCWIMXUODSZLSBNUA
Kindle Customer,AFO7LXSMPQDD7JG6I5QARG5I4N6A
anurag,AH7LW3BCJBLCZTMWBOFL33UGIRBQ
PTS,AGW2NIO4JHGF3E4YYX74PSRCAKOQ
Ajit Srivastava,AFJ4ZH2VBT7VFHQNRMCEX2L2LBUA
Gojo Satoru,AES2J44MJ3FMUE6NIAJTOUQCQIWA
Prasad Pavithran,AGPBZBEFPFL64PWRZX32JSZUHDMA
Thukkaram,AELBDTDLN6LH4TEVDSSVNVRMHOTA
Kranti Telgote,AEIOP36AQPGVLNNTDXHSUSVIRO3A
Kapil kumar,AGD5KTBDTS26I2SB3B7LCYBR6U3A
Thukkaram,AELBDTDLN6LH4TEVDSSVNVRMHOTA
Meghnad,AEJLOEHISUISLO2Z4RE2TO2V6NGA
Amazon Customer,AHVEG7WUVHTOAT7YZ2Z6VNJCBYYA
Amazon Customer,AH3LHRL5P4YAVOQQCH72G2PJFXSA
Amazon Customer,AHZWJCVEIEI76H2VGMUSN5D735IQ
Mukul Ghosalkar,AFXUMOU3PMUQEHSYTB7SBVYFN34Q
anurag,AH7LW3BCJBLCZTMWBOFL33UGIRBQ
Prashant,AG44HJB2AMIVHAGQZ2WGWONERKCA
yogita ratre,AHUGCKS7YANTMDYINXQG2UDTU4JQ
Meghnad,AEJLOEHISUISLO2Z4RE2TO2V6NGA
Vishal shah,AE3XH7AL52IBMYH77L5KO4DGTCDA
Kapil kumar,AGD5KTBDTS26I2SB3B7LCYBR6U3A
Amazon Customer,AH3DPBR7M2QD4UAT3SOYSFP4WTAQ
SYED SHABEENA,AGWQCZIF4W7MPCFGEWBBYGVWS22Q
Jayesh,AEQ2YMXSZWEOHK2EHTNLOS56YTZQ
Amazon Customer,AE5DHPL6NSPL4NZU5YM6P2U67ZSQ
Rajasekhar,AEN657OFUBBVTAFRFCOOUKFBNQ4Q
Rahul Singh Rauthan,AH2OARRWRYKQNYKCWGQKO3NOINQQ
Wraith,AF2IRSQZKMBGX44YDNUPYRHWXOZQ
Bristidev Burman,AGNJW4JB3SQZZEVJCOR6EXOTNMOQ
Kirti Sardana,AHOQPLT222WN4LQV55XMUEZY6MAA
Santosh Kumar,AG2V3QSA4MVD6RPA5UGUMYMH3PXQ
dhruvi,AEJHP62NHRVRCWIMXUODSZLSBNUA
Ranit Barman,AFTS5BKDRY7Y23B27UVBE2V6TOHA
Sean m.,AFAKLGJPBTX3EWCXJWB6TF4LJOXQ
App,AEYLB6L333GKGCRGR5N6NDB335TQ
Arijit Mishra,AFSRFIJ7SMY5WDUSEHB4FW3ZJHBQ
Amazon Customer,AFUDD2HQICGHV2X6MXURZJ3FFKTQ
Prashant,AGPLH6XWDVSULDCZOFJRM6XNTNXQ
Sheetal,AGY4ILCL5CCENO25T2FOKOESHJTQ
Bipul s.,AFBPBZLHAOY5FLNKXSMY7R5NGW4A
Saunak,AH3HLGFYASB5KSFZRSQVOQF5BKKA
Kapil kumar,AGD5KTBDTS26I2SB3B7LCYBR6U3A
Subhra S.,AFPMBWVYFY6T7W3RZXDGZUPYNKPA
Rajkumar,AEE5XXQWRVZSVDNYTBDR3BY4PHAA
shiv,AEZH7UN4SKV7VKJ3NYH7D7CBHA4A
Sagar,AFWOX5BA5QS5TCVTNV3EHQXOSCLQ
Prashant,AG44HJB2AMIVHAGQZ2WGWONERKCA
Manoj Nagabhairu,AGQVEI5FN545VZMNGYRR752JCSUA
Vishal Bhardwaj,AFF3MID2VKCRG3UPIGY4OPDLKNBQ
Arun verma,AFWJSD4AVIM6DC3YA63G2QPENQSQ
Shyam,AHJTLVVBATTLS7X3LPKL2MVJM6VQ
Gourab Kumar Patro,AHUKIXVRPVVYYRQOUGWBDYO7RFDQ
Krishna S Mohan,AFBLFBJHOW7CQX62SQP7S3QJCFVA
Ashish kumar,AEYESC4XEIJ23NANPR3BK2GGXS2A
dk yadav,AHSYI7EUDN2RNS2IPMGAS5MKLXPQ
Jigar panchal,AFZECWTOM2GUH3T67XW26DXUIJNA
Placeholder,AHCY2NLFROLZAQ3YQAKVF3DMHB7Q
Ram K,AHH26HAPTOI5Z52DFLNYU5TOLWCQ
Richard,AHR4WZ6M4WXGQP65Z6SSP4LBJJ7A
Gourav Choudhrani,AFEMYJODFSKRPR4XTYKCPXMCO4YA
Rajesh Martis,AFQUZXA3JPEY4SN7Y772C3Q55IWA
shaan bishwas,AG4KZO4DB3TYVVMBWPWMMJGD4ZYQ
Shanti Devi,AHN6E6FWRU4KL6CALQVHR3IUMIAQ
Meghnad,AEJLOEHISUISLO2Z4RE2TO2V6NGA
Rajat,AHROIYVXUABAGL5GUFHMEZK3WQQA
Samar Kumar Das,AEKSR7FVH2XR55S47DZZLAFA4KHQ
Mihir Deshpande,AEJSMM2J65DGILOOHC24C74VWPBA
N. Lalhunchhungi,AHZWXUWE3RGLDH4JJUK3HT3VMBJA
Rahul Singh Rauthan,AH2OARRWRYKQNYKCWGQKO3NOINQQ
Sudhir Kumar saxena,AEXCQMYUSJFK3Z4POJQTN7YOHRVQ
vivek vinod,AFUWV4HNHDWYGFGEHEMCKPR7HPBA
Hremant,AHVZCQP5SYIVGZJK4LRP55ZXWETA
Dileep,AEQRBL6PVEWH7MEXRN2ZI6FDU54A
Vijayan C V,AEGZSNGSJJAEMJ3RRNVZTKUILOHA
Bristidev Burman,AGNJW4JB3SQZZEVJCOR6EXOTNMOQ
Debasish Bhukta,AG3EJCPDMWMFHVD75JLK6447GEYQ
Mohammed Suhail,AEGEOVAES62OFGQTSPSDSQ5U7SHA
Gopal krishna rout,AHH2TIJJ2IGD5H3DJO3FROUHRRSQ
Actual user,AGU76WKSU62DUNTPCMTC4FCUNRTQ
Sujili v,AFPYH3UF3GB4RNX3MX46AXFM2FTQ
PREMAL H. SHAH,AF33ARIIERSZ4KGYWLBGIJO3PUQA
Ranjitha Parida,AF3JE3MHGVCOATHASUTMN3VGF3UQ
Vineet,AHQIYGWISGS2IQAQ3OM4IZHKIV4Q
Prabhanjan,AFQ7AUYJOIE2HH63KIUQK45ENQ2A
Harshwardhan shinde,AHYXJP46LXOTLZ5FXX53OWHFNWXA
Neeraj Kumar,AEI2GKBIJPYIB7KUV7EKAFN5P4IA
Suresh jaat,AETBZL6TIGY24P3Y6WNN2BNIZIDA
Adwait Kulkarni,AHBB6UBYHJ5FH2BUFQ2BCXHWQFJQ
Shaik John Saida,AGGXWYRLPMULBPR7OXPEV6SNOMIQ
Satheesh Kadiam,AGAELRYPMTG5SADZPDYB343EASAA
narsatya,AFAYH4FG2MUZTFGDVONVIOV4W3KQ
Ak,AEAX7BRPDS3NSYCZQBQDL5DGZDVA
yogita ratre,AHUGCKS7YANTMDYINXQG2UDTU4JQ
AV,AHPYDFW6Y3FIQGD2RJPBFF5QNVRQ
Anand,AF4AWOIIGQUD4IZ6QNWXVHL6OKTQ
Udayakumar R.,AGQ3YJHNFI6CFAOTHMHNA3BEH4AQ
Amazon Customer,AECQPIQJEIF5ASVCNW43FEDLAATQ
Prashant,AG44HJB2AMIVHAGQZ2WGWONERKCA
Sumit Nath,AFGHRQK34D54OXQCRGX5K3XTR66Q
G D PUKALE,AHE52HKDGFCWSQO7STU7NRWWHTWQ
LAKSHMI NARAYANA HANUMANTHU,AGG35S7QJCAA7Y4FOAUY6IXKP75Q
Aby Jimson,AFHFQB5UN57HBBYIGBV4YYZDXSZQ
Pooja,AGBB4DAVTI36DUQN2NLQNXJLG37Q
Happy customer,AFNGZSZUISNZ2SMAN3L3OALQXS2Q
Rakesh Roshan,AEIYWH2ASVIR6LTJ2JBXPQLOUYNA
Varun,AH3VUICGCKITW2W3TEED2EIY3ZTQ
Shridhan Varadkar,AEKLQGYWRYPMVY7BPBGHFZHW2KHQ
Sandip Roy,AGORBC2ADNWTLGRWKCZRO7GOG7RQ
Ranjitha Parida,AF3JE3MHGVCOATHASUTMN3VGF3UQ
Rahul Singh Rauthan,AH2OARRWRYKQNYKCWGQKO3NOINQQ
ArdKn,AECPFYFQVRUWC3KGNLJIOREFP5LQ
Minhaj Mohd,AF2PEMNSWZSUIHRAPJGOPJ7GAF6A
Deepankar G.,AEJQT5NMTAM2ZRPQDNGLOL6NTKRQ
Mohammad Noushad,AH5ZFNLZLJW24YKDQMDHCWGT3MLA
Sameer Patil,AHB43CZ4RHLJ5S6CBOWX6MEI7J4Q
Manav,AG3D6O4STAQKAY2UVGEUV46KN35Q
Gopinathan,AF37SWB5BJAXD6F2Q74M6HJIHADA
Gatij saini,AEVPRYZLGHNMEZA5BYGIX36LYZXA
Amit Shrivastava,AGXGYUPGIFDGD6LPTVB2XVE7JWNA
Sameer,AFYMFZN2MFKODDI25OZKLO36LCHA
Vineet,AHQIYGWISGS2IQAQ3OM4IZHKIV4Q
Clifford Francis,AEY3XQ3NAOS4ZK53VDEVWJ72UYMA
Harsh Kumar,AGUV3QWPJUZF72A7TRV5XZLSRP2Q
ArdKn,AECPFYFQVRUWC3KGNLJIOREFP5LQ
Kunal,AGU3BBQ2V2DDAMOAKGFAWDDQ6QHA
Sanjay G.,AEL5HU25IP7YT5WK3LXNC5M36NBA
Pallavi Varur,AFWREBMJRX47V7TJD5E7VUBKZY3Q
IC,AHLLRY3ISUM56WO2EJYCDE4J6E3Q
Wilson Patel,AFJ7UDS63R5ITGAMOSRK7KNWHSSA
Omkar dhale,AEWAZDZZJLQUYVOVGBEUKSLXHQ5A
HARDIK A.,AEU3E6TTMRR3RHIFOK3IF6XYSDLQ
Mananveer singh,AEDCAWW6MGT4UO4RRH7NOK3EH5SA
Ruman,AGGSPBWHNKPM222VK2PCN4PHRMWQ
rahuls6099,AE3Q6KSUK5P75D5HFYHCRAOLODSA
Akash Kumar,AHTYSJ2UVZO5LT77K37P423ZMQXQ
Andy,AFBVVELP4GVFVUNT2JCI5JHVGRWQ
Shekhar Badola,AHTVBHRLCBX5E5GBPONFYZLCNBGQ
Vajrala s.,AFES6HMBN5CAV5HWKASX5HS743BA
Amazon Customer,AETEHTDQT4GMZAJW5NTRO77AQBZA
A. Dubey,AFIVMGZO74QYOK7KXVJMFH36PTPA
Jayesh,AEQ2YMXSZWEOHK2EHTNLOS56YTZQ
Devendra,AGQCLZES57R2QEDXM4F4NYKS4BRA
Diamond heart,AENDUJB5OZB6K4DYJJ6JCWFTSRCQ
Selva sibi,AETHN2CGVNPVX5Y6SAWO6IO7QOEA
Brijesh Kamani,AGEN4ASYZOLVEWYV3Q2CJR42ZOEQ
Kevin Nathan S,AESKYYTGWJ7VJASMOE6QQUDXSITQ
Gopinadh.P,AGKMK57A4J54JG5OUHPMVGGPVUKQ
Vivek,AEHQYGI5L4FFALBMC5XMT5KXSZCA
Manish,AH5QYAVG2DRXF32LUKZIPG7KZLDQ
Dhiraj Bansal,AE6QIRYYQXWBXRANCBNV7UQU3C3Q
Safiya,AGARJN3VAP4E6PQYIF74CDF3W6GA
muhamad s.,AGASWLGAJEYSNHPWSR74GSDXU5JQ
Dhirendar,AE3GJ4N2G2K4Q6JXYPIQSH4344CQ
V.W.,AGCWHOWHOTWSN4J2TFAXUEZZUBXQ
Vikrant,AFAKEZV7KMVT2SGF4KYWXGQRIW4A
Vivek kumar,AG7C6DAADCTRQJG2BRS3RIKDT52Q
Jojo Dominic,AHDNZMNGM6UT4M2VPRPLZ7EBWCOQ
Avnish Kshirsagar,AH2OGGTXFZ6MSSCZB7IRRZPFOJLA
Reetu Solanki,AGQOIAAECVPLYNBEMZOCS6GKZWDA
Shraddha,AGT57G75IGN5AEBU77WPGOUYZMVA
Pratyush,AFZQFX2T6G3DRQ5VN2RLQHKHN7OQ
Ananthu,AEKZNJLC7X57UF3F4STP3GSIIGJA
vasanth,AES4PVTQ4WEANJ2E2HOJNVVBGQNQ
Sagarjit,AHJRPRAXBOIRLYMCRQ4HCACPXDVQ
Pavan A H,AHW6E5LQ2BDYOIVLAJGDH45J5V5Q
Saikat Chakravorty,AFD574B3LT7V3OO5CRMLVYUWVDLQ
Sandeep K.,AFEDVL6QIKT4RDYRHGMUZAU2JSQQ
Pranav Pacholee,AHUXD3GCY22BRMQLWN5ZEB3TGGAA
Velir,AFLBLMPC4WUEDUWHLHBQVY5AKH2A
Tanya,AGYLPKPZHVYKKZHOTHCTYVEDAJ4A
Malik,AH3MVZYHGOVNKO5T5EWVT4HK6M7A
soma sekhar,AGXE6V4HYRRDGH33H3NE7PGF4D4Q
Amita,AEZPNXZLF5U7XEX6TOW3J56C3XDA
archit,AE6CROVUGPHR7BRT5JASNRWSPBVQ
Divya Nancy,AG7XUAMM5BZSSPCBAQJ3YGYSIPXA
Genuine Reviewer,AEQGYJXCSCCNZSPU6KO2ROAMEJXA
ram,AFMBNWKA4H7GP6PAHPYY25A6Z4HQ
Hariom Mishra,AEZRH2UWC5CQXUVLFUEAYAPXDFGQ
Rahil,AHPKWPXNLGMP6BBOUC3MKMDWBIDA
Kshitij,AEEYJCTR44VPW4DW537EAZHK5CPQ
Anirban B.,AF3GETWWBGMLASY2KKNNBS2VO6DQ
Ajit Kumar Rai,AE2OFVZSIE6KSBAPG6GMKCER35LA
Wajiha,AEDZXGGZW3ZS22XINYAPXX347GKA
Rameez Khan,AE3PTJFRVU3YM5YFYN3ICDA5X6FA
Priya,AGUAYQHARAKR2VZTRP276KAGETKQ
Alif Rahaman,AFWDV7TXGNYDA54LFNRDRJBTBH4A
Noble P Mathew,AGO7FWIRBIVDDEAYX2UI6DP4G6GA
Deepaak Singh,AF2XXVO7JUBUVAOBTJ3MNH4DGUFQ
Arun,AHOXZCFLXIOIPGI7DXYFAI2644UQ
Ankita Dwivedi,AHECNVXSW6REC5TOGBH6OJXIBL4A
Naga Sai Gadagottu,AGO5SRT3ESLNL5WTRQFD5BSIYPQA
Hrishikesh,AHCS34T4DOHWPNKZ2G3W76AITIKA
kishorekr,AE4XKNCRFDT42UVC2DCKMIXW4MVQ
Joel Thomas,AEACCLBAYRCRJLUMTQVS5JSOYYVA
Birendra ku Dash,AGSGSRTEZBQY64WO2HKQTV7TWFSA
Prasannavijayaraghavan G.,AFNYIBWKJLJQKY4BGK77ZOTVMORA
Ghazal,AENFXWHBX7R7PZG2Q67PXLFGPHAQ
Nidhi,AHVAI77H64YMRRMLITKJ5FPYALPQ
Anirban,AHZNSNBVKQR4OGJAQHE4DCDA4YHA
Kshitij D.,AEPLUJYB5UT2XVP7A2NSNSCOCVLA
Achint,AHLPMR4VVPOQ2YOHBFOZ55D7OUVQ
Aadi Injal,AFPSD5MVTPICFIXY5LKKTXSG7ZEA
Amazon Customer,AFFSKDBFEU4DW4HMBLQ52IQXBHZA
Mr. Nøbødy,AEKLUZARDMPMWERNPZFR6JD3BYBA
Ravi Kumar s/o Devraj,AEJGZNKM5ZGH6UY2YX537NWNWYDQ
suraj,AFGPLYW6L6FYUGQDND7QGCRL2H2Q
Bhuwaneshwar kathlane,AFQ44B5ISCXUWKFHZL7HTRTYWZKA
Ishwar Singh Sankhla,AHJHHQWQ25VCIQHG5XMZN5MRZFYA
NIRMAL.N,AHBNKB74LGTYUOKPAJBSKNFV45CA
lucky,AE35OI7LDTOKU32IFQ3GQX5AOKFQ
Amazonnig,AGZCXPBXKXIEQTY4AH7KM6OPQW3Q
Siddharth suman,AFAVJJJRDJZCFKPZ4ACGTYBLRJBQ
Maxrock89,AF3HHR5VANS5ZX2IATPSOZDFEP7A
Narasimha Rao,AEU6MYQDUVKLBHRXLKVRUIEWLX6Q
T N Sivaji,AG2ICOYPSOV5SGBKFEYHGKCNK7PA
aditya d.,AEO5FHWNOSFBT554DKQAG4ICBGFQ
Rahman Ali,AHEVO4Q5NM4YXMG2HDDXC5XMBGRQ
Uday Joglekar,AE6DY6YWTSSE3XNHDXZDGQM2JL2Q
Kindle Customer,AFO7LXSMPQDD7JG6I5QARG5I4N6A
Hamsavarthini,AGQBRQKHB6V2GKNP5NQCBG3TZFPQ
$@|\|TO$|-|,AHIKJUDTVJ4T6DV6IUGFYZ5LXMPA
Souradip,AGK3NNXG44TLWHYTJ2OAY4JMD3VA
RAHUL GOUD,AH2QFGBZYKJDYPAKHEEXUKLZDYTQ
Murali am,AEWM6BXJQ76ZA3JH3TEG3ORMEDCA
Yashpreet Singh,AGVUE2NFN2MQEOQ4PR525B2ZI5PQ
Dakshvir Singh,AFUWVHBC2SCTJ7VEAWEIEYW5V4KA
Shafeer Pn,AFR7NDA6QYOPSCNJIDXRDRHJIYXA
Chandrashekar SK,AGIOL4B6EPMZ63RZQFWZWI33O2EA
Santosh Kumar,AG2V3QSA4MVD6RPA5UGUMYMH3PXQ
Abhishek,AH6SGND2YZGJPEXEPAT6XTKVRWLQ
Jasmeen,AHB4AEOCLEVH2JSTXPU737KTXS4Q
Dipu,AFCKVOFM46DHVEVU7M4ABUCXDLLQ
Sneha Suyal,AG2WVO7W7ODQCKIFZ4EEIQSC5Y7A
Arun J,AFJXIJRSFMMNTYMOGJK7EE5XNRAA
Abhi_K,AFA6YM4NTFRGHHKYN5U7HUYEVSUA
Amazon Customer,AEREPHGDEP7EUMBCNLBQ67GNJQMA
Dilip Kumar,AGDY4LIW3A477KFMINSUKYRMSK7Q
Vishal shah,AE3XH7AL52IBMYH77L5KO4DGTCDA
aravind,AFSM3ANFFBHN7NCB3JYF4RZ7YQAQ
Suraj Singh,AFXRH6SHIJIG475VOAVT4QPDJHIQ
Ansh KaTariA,AFROXVCIF6PZXFXLS7DLTPT2CGCQ
Rajesh Panchanathan,AFUGDQG5WBWBZJE2NX2OICO3UFWA
Amazon Customer,AGY65IJP7XREWO3GUDT46474CYKA
Prasad,AHITHYIQE2EATBE3LI6GU3HJSMLA
A K Rai,AG7L3FBDA2KLNZOZWS2XF7Y2GGRQ
Vaibhav kumar,AHICRWO4RPGT5JZX5X62PHKEIOAA
Yesha Bhatt,AFOJ6DLJQNWRLJIVLU25OZILE6RA
SRI RAGAV,AHFX3A6IT3PFKH3WJU3BRCMOAOIA
Jagrat,AEWV35IS77VEIX4T7GIMS7WUPLLA
Kindle Customer,AEWW4LJOVXD65UKE7QCBCHQZMG7A
Omar,AEILGA3FG3TQAYO3EITLHUVI6MCA
Anirban Mukherjee,AGH2D3JCXGY6SY5ZWKOIDELCLUQA
Aksa akhila,AEAD2LHI2R3QVR3AQKOPB523SVUA
Annan,AEEF4HG4M3I4C27OWPX5SSBESB6Q
Kshanik Rajak,AHEPPTU7YZ4YNMCKFBT5PG7W2CHQ
Sanjeev Prasad,AFQ7SOVCXM34BZ7KEFEX7M4TPD7A
Diksha Wankhede,AEWRRSZJ7PFNPLN3PDWMWQJ2UEIA
Gojo Satoru,AES2J44MJ3FMUE6NIAJTOUQCQIWA
Divya Sood,AHXVJ4RECEDVRCX2R7BYOMRO7KJQ
Anand sarma,AFYR53OTBUX2RNAKUZHUJ4RFJJNQ
Parenky Amaresha Adhikari,AEMEBARDKUUI7MQSY2HXMC2DCT4A
Pranjall Kumar,AFTFXABT3BDNGAMCE5GCZ5BIZOGQ
GHOST,AFA332YHUPB6I7KMME7SOFX5RKQQ
Afrina Hasnat,AFILRU3X2FCDPDW5UKLT6C7OPJSA
Anand Kadu,AF5VUXGXGK7JT2XRO7HGTFDQY5OA
Sean m.,AFAKLGJPBTX3EWCXJWB6TF4LJOXQ
Rambeer kumar,AFLLEPVLIAH2DFSHAZ77KWFM72ZA
Riz,AHT3PNU446CPE3MJRLGDF5V2R5EA
KNReddy,AGZRJIMJCQUUHZG34JSIL5PSXGTA
Ankita,AGKET6EBMS4XL3NJXMR2JOPTFO5A
Deepak,AG775T6JDIUUYOZ5VGCCQLTCDVRQ
Guhan V,AF6F5SXN6WZEJUZNPNBN7WYT5HPQ
Yogeshwaran P EEE,AHE44P32QOQ7RN7NMKUUNY5UCWUQ
Swapnil,AGVFCAHYGUUYGNODPT4TQQXTUGHQ
ABHISHEK SAXENA,AECKRXKG6P4WDPQMPD3XPO5ZZ5QA
Amazon Customer,AHZWJCVEIEI76H2VGMUSN5D735IQ
Karthik,AE5VN6K6A4NJNWVYSEWB62MA3GMA
shree,AE2TSJXRS5BXE6X7WFS7HOFJKCOQ
shiv pratap singh,AGYALNUKBTA6RNY7Z2SC3VH2JT2Q
Bikki Chowdhury,AFMALPNH6MGGBFCSBABKO6HN2KKA
Surendra,AEYREUEKXGYJ52TGYDI3BEH44BTQ
MOHD NASIM,AEDKNRNG6YV7UXI72VNLX4DK3XMA
Harsha,AH5Y6ZCLABCUE2X6JBWZBNQO232A
Sharon Murmoo,AGQNPJPVAIIWZMD7X5LKPA7WMQDQ
Dr. Mujtaba Ashraf,AHVPFHNEPCJFLAXKD5IGQRRBHMWA
Ariz Siddique,AECYNJOWTBY3PX3PXUDDWBLIOPSA
Aniket Raj,AECNNZVKQPR25O2GJGFWLHBH367Q
Kalpesh Panchal,AHAZZ6OGFULNRHTS2SR7HAH223NA
Abraham M.,AEKJYGHV46KB5CVLQS54Y77VRNDA
Jrs,AEKOR4KOSCMLNF7H2XKEERKJ4XRQ
Ayan Chakraborty,AG6FYUMRVTFM4OWVDHQF4KDQXG3Q
ˢᴰ82ˢᶜ ✔️,AHQ4Q75NBEWOM4OWOXUZW7V247NQ
Parul Walkey,AE5JR5HPVSNYE3USXPC5DD5QZPEQ
Pravin Kumar,AGBX233C7B7D7YZEL7ZLFWMQKFDQ
Atul Modi,AHSVH7UVP3JM3CKGD7QPMP5ZXTNA
VSMS,AFOPJWBWQAT3U43C3O3HJE7MJJCQ
Ehsan Ul Haq,AGNE5T4E7SEMJUDM4COI6JBNJQBQ
Meghana,AEJYXUANEWSM2G7VHRZDANCYLPYQ
HIREN PARMAR,AGMR74PGVNG5IU7X25GJGDAT63TA
kashif,AG7MI6MZP3GMUTO65QNUR25VP7VA
Subramanian M,AF757N27JM5UZFJ3TS5FVGBYVMDA
Shaikh Faisal,AGHW3JDEF6JIRC4HB43UDMKOFXZQ
Nafisa Nehar,AH6NK74TCKWVMLPVFEC44ZLT546Q
Nayeem ur rehman,AH4RET52ZMGRWFVZDYIC3ANTDNZA
Vibhor sharma,AFVD56LA6WDD3SSROFLFQVHLSHJA
f1rstmehul,AGRGIE4WRRX3CUQLN2RJDIJE3HSQ
Amazon Customer,AG7XDPNSDQFE7CPVN7ODSPVOAD4Q
Asraful,AEGWP42GIGIOVDTY5DG2A6E4AY5Q
Uthiranathan,AFNCX33YXD6T4LAWBFYXN6RR7LZQ
Rishabh,AGHYCMV7RJ5D76UEZDZJPPEUGU5Q
Mastercard,AHQM673VAJUI7R3VMP4NWML4CZLQ
Jayaprakash,AG6LARJ3IHDAIRVVN6WW4Q6JTPJA
abhilash n.,AG3P4IMSW644U3FQ2765XNZFNC3Q
Nikhil M.,AH6LPYJT5UBJ7CIEWVHDCNQAGWZQ
Pratyush Pahuja,AHMKXORT3VNMB75C3EUBYMFYELFQ
JAYASHANKAR VB,AEV2RFEWLJIWQDBU7FMHAUJT7PQQ
Deepak kumar,AFCNMPYF3HBJZ3FYMKXQAMR55OSA
Sonubhai,AHTBDJ3J72O3A3NQNV2OUTOXP36A
siddhi kamat,AGDI3CM73SM6W3GZTPAXJ23GNXUA
Sancha Bir Subba,AFUKXJCLJNJK6S47HUN4KLGPFHCQ
Chetan C.,AG62NLRIFTN2XEHSJ6HFEUWLNUFQ
Jaldeep,AF6FWJDVYLDXCQ3XUAMYDIMTDE3Q
Rajesh singha,AGSYXGAGS3QPCXMCULCHPZHVZY3A
K. Vijay Kakulavarapu,AGFSOG7QWOQRQTDVWUVK4WPOPHSA
Verified Buyer,AEQWVGESA7TDGK7KZ4DAJQGYH32A
Dip J D,AHOSVRPAZVI6XRKDHV4VQKRHMV4Q
Rajendra Singh,AGC2PMSRLC3GK54AGSC3K4VQRNJA
Placeholder,AF477BP57JM7Z4JD4PYB2K33R6AQ
अशोक वैष्णव,AEF5RCDWM36RUTBBON7LXA26PTCA
Kohana,AFOBWTUOP4PHZ5K7XW4SPJWKDIKQ
Wraith,AF2IRSQZKMBGX44YDNUPYRHWXOZQ
Anmol,AHUH7OYN3LAUATF5EGA575WCDI6A
vinu,AGI4CCISF6KU62HQAT2VM4GNNNJA
Manish Kumar Pandey,AE376Y5V3WTFCERMS7ZVYUZCFNUQ
Vignesh,AEKIHWXMZFS67F2COXCDUERH5PXQ
Balamurugan Trivandrum,AFC7Q5Q64XM2Y64FT7Y3L2YVALRA
Rakesh Roshan Koul,AFTUS3YZBNWUVW7FV7AQ4O532UNQ
varshini Mani,AGSPAJCL6J6YDXIAPE76RI7HR5AA
Satish,AGLAZIZLDXX7FKDCSJ6ZLKSHW47A
Neha,AEZTXYO6KQGB5TJF4C2QF4Q337ZQ
Aditya Chatterjee,AGPGSHGMGBF6GBOQ7ZXUBQ3IFZJA
Parul S.,AGK76H5VGHDWFQD7JTHVKZNQ5BHA
Koushal K Jain,AHRUMHBZ7IAQPLH4W5Y3A6HLQFVA
Ravi,AGD6ND3S3MD2GWZDEJJ225BLLLUA
Shahul Hameed Izzath,AETT3TJOC4QSORCIDNNMRWXFQBJA
zain,AG65C34LATM4J3ZFKJJPDNISZKUQ
Sthith,AGXE2OEXIRBIE4WCKGQYVF4ZY5OQ
Amazon Customer,AE47XF2766XJOEOI42DVP2HMB4YQ
Madhusmita singh,AG3G7G2DUJKN5YMCOYZNCADKKJUQ
Miki,AFQLURVIOJ7LVLKNHB76BZJ5KCZQ
Kulasekaranslrk,AHYZC7TAK75CSXYF2V57TT2XB3VA
TASAVUR,AG7KK4DGWS4RKQ2S7Z7KDSWSNT6A
Sasmita Chopdar,AHI7MFQMUC5N6DRDGTYZPAKPWF2A
Digvijay,AF52SZE3RZ4OMSOTV2XLI7FOVKMA
Saksham Gaba,AGRQVHEZZHU5EBW2ZF254W4VTNYA
Manas,AHN4S54X3ZPVWJIMQEQYFTMAOISA
Satish,AE2QS54KQW357EMHTCIX34UBB2TA
Somya Meena,AEULM3CY4ND6RQZI7TE64I2BNOWQ
Paul Joe,AEM356PVXFHAXWV56KDO75FS5WPA
Dinesh jumani,AFW5XNPYWYUD54B4GHGBC7JTMYHQ
🤘🏻🤘🏻,AF63ZFTFFODG7SUOLW4HXHDUQPSA
Anshula Jain,AEJ4BLDMPXCI2I6X5JEA52RDVWJA
Nikhil M.,AH6LPYJT5UBJ7CIEWVHDCNQAGWZQ
Omm....,AGMK2IKWHYVHPTNZZ27BMR4XRPZA
Aparna,AHTNFP2NA52A4C2BE5WK6PFOCSIQ
Chandrajeet rav,AEXY2DXZGQDEPR5TBDGEHYB5BFQQ
Sheikh Asif Ismail,AETNDYMC3FBFMJOQYVSXMVMKDKSQ
ghost parris,AEVJ7N5EX6TJXU2OFCDO4HSY2LJQ
Nikhil M.,AGPAF3K6YHEM7446WLCBQJZWORAQ
BhavenW,AHG7RESECZ5S4EAPBC4A2DMHDOSQ
nilesh,AGA2PZGWMQIRA46VYOTICFE7KCBA
Manish,AHPLA3DROALHPBANLV74CKFA4UAQ
(sic),AGHTZ6M45GWLTAEPAMM6IEH2BXOA
Vigi,AGELGKPUVEJXOFDB3I3OCEGLRHAA
Neeraj Vishwakarma,AF7IXQKBUL6NEIQG4R53LMJJUGXQ
Awesome Shopper,AE6TTPY5R4YW3XHTPGX6CGHLMVGA
Daisy daniel,AEF5YBIELXGHKIQUBYBHTEPHHAHA
Vishal Bhardwaj,AFF3MID2VKCRG3UPIGY4OPDLKNBQ
Navdeep,AHRVMPX2FGGIB5LCJFVMAHO7JEHA
Devarajan N,AEBO2BBZLCJSQSMQSSZUR4JWW6UA
Amos b.,AE2XBDOYDMXVHS6NWFKR363SXNEQ
SHAHID SHAIKH,AEKGNCGEX4A2YHHJVEYHG4WG4VUQ
Karthick KJV,AFE7R5FCWMXW42O5UTZ7YEAWGF7A
Anonymous,AHDFR3PDKEBV72HXRL3RJJLS3YYA
Vijaya,AFZD4RCAOTL4JRRKT6WHVVJWDNHA
muntasir kayal,AE5B5BRM3KRUUMGH2DOGYGFHAEAA
Hitesh,AHIZSFJAXQCBI5OCUHJFSGIARK7Q
Arun verma,AFWJSD4AVIM6DC3YA63G2QPENQSQ
Amazon Customer,AHGSRT7WNHURSXA5J47RZCOKGWBA
Vignesh Prabu VP,AG726NQTX4GKLFNXFOAQBFA6JQGQ
Rajesh Martis,AFQUZXA3JPEY4SN7Y772C3Q55IWA
Ramana KV,AEAJ3Z2IULDDDQC7KCSUIC62M3GA
Dr Ajay Bindra,AGKIML44ZYBW3KKQQ6NNGHOF63EQ
Abhilasha,AEX7BFQ7AJA6LRX42T72KUOL5UVA
T.Sharanvelan,AEHIUDWIZIPJN662N7WZ2KXXOMBQ
Deepthi,AFIZUD4UBB67LGWY6CVLRHKA75IA
Bazil,AEAHQT2GADXG7O5HE362SSWYG5TQ
Vipan Agnihotri,AF36YUJUEUU3SA42PFAULM2F5RYA
Koustav Gayen,AHJ3EGCWYQPUL4CX3MXHWDERT7HA
shiv,AEZH7UN4SKV7VKJ3NYH7D7CBHA4A
Amol G.,AGYLPG3HSE4P53V3EB3MKLQ7KLTQ
SUPER HEAT,AHQWVH4J5YCLOZJMQJTB3FKA66YA
Suraj,AG6WNF3AQBACEWDTRW6UM2MALT2A
Amaan Ahmad,AFSWMOL6CDK4XP6ZX7IGXHM3GQXQ
RajendraK Tiwari,AFTZBO4S2Z7Q6UL72EUKGZRTVB6Q
Vijay,AFFITBM6PHS2QO3SI23K6T5FZJYQ
Aditya Kumar,AG5AXAJDBTPTEASP2CGYURERHSQQ
Sagar,AFWOX5BA5QS5TCVTNV3EHQXOSCLQ
Fardeen mujawar,AE3S2ZAEMH765KUJ57DR6HBZBB3Q
AmazonCustomermh7790,AFCUW5JX2EZRGRGNHO65DGJ2ZNXA
Prasad,AHBS2L7JPLUKRD5ZJQVVSFJ4LNWA
Srikkanth,AGYJWE5KU7LQVHHG3UBK4DGPWP5A
Ashraf Akhter,AEWMPPA26KJIWQL2VJLXEGGYGXMA
Aradhna Aadhya,AE5D3EMPETKIA4VU4SZU5UIHXKQA
nisar,AGH3POHLPXABF3I4ASSGTRXAUPPA
Akhil Raj Kunwar,AGMYVYGTIGHQQDKROQZHYI67AW2Q
Amazon Customer,AGKYLNZN5SOR4LZAYWRHAAJY6JQQ
Arun S.,AFDCSF36NJYXASQOJCQWFQTN7SDQ
Rajesh sharma,AGUTG6MZYET7MPUMPQXFLSNBEVUQ
Tech boy,AEHC7ITQUJKLOGQJCAA6Q7V63EVQ
Kanta Khaksa,AGKT6MY3UZFPKSYVU5V7IOKJKMMA
Prince rabha,AFFOW7D7WJY5D3E3PV26TYE7Y57Q
Aditya Chauhan,AHWQQLE2M65U3ACAYST5FUV4UPVA
Santosh,AECMQ2RLIJLZPBV65R74ZXYWBHDA
Naresh R.,AEHCVDRO2RQCQNWQH25CS6227BOA
Pranav,AELPAFD33LDSPRU4SBYCF5JOSYZA
MOINUL H.,AHQC27SWWMUOTO3W7NGIG7KPX2AQ
pruthvi natraj,AF42EMTPEJAL4LNEPPX77TN77UHA
Siddhesh s.,AGMD2UVAWOKO3W37KGZWAPI3ZB6A
Selva sibi,AETHN2CGVNPVX5Y6SAWO6IO7QOEA
madhu AR,AGWXUDJLYBQYBI5O7UHDK6QW7FYA
RUPESH BISHT,AFZ7BSWDEUCVHARR4CX2UCO5VZEA
harpreet,AEITVIFC7WZAEQDIVWPB4KUGKLRQ
sameer Dubey,AHL2CPZ63TFC3VB3RUVZVPFC2YZA
Nagarjuna Pavan Kumar G,AFCN4ZD2X2EVUUDSG4BMFT7YJA2A
Naveenkumar.K,AFJIOGKIZE7HIIGKY7UQYGKCHUTQ
Javid Nisar,AFMYEBPS6GDJSJNW3W2LA22EGVZA
Shibendra,AEYGIH4DOWVSDCW5NMBO5B66JC5A
KS,AEIGFUFEU2YGVXZQSYKPUF5FTCCA
Ayush pandey,AFXZNVON4LZKKL23DAL7IPT5ZJUA
Abhay N.,AFTJIOQOYRDJGI723DK74GWNDZ2A
Certified customer,AGJ2FUFEZ6Y65C3CZA6XJ4J74NFA
prateeq,AG6WSLLXZY52HSQUY5PRCXTCYQYQ
Amazon Customer,AHAV4CJCMF5EPFWOHKYSWKTHHKLA
Good,AFVTO4K2IG5AYWZPOAEA2QGPZZ4A
Josh Crooner,AHGPGK7X35WHOVKQHT3OCUQ7KJNQ
Satyanarayana,AGE6O2NLNA3NUGORPU4SDK2S23QQ
S.mohan,AGTIINLWR6VP2OSW5R25BYBG5HLQ
Samar Kumar Das,AEKSR7FVH2XR55S47DZZLAFA4KHQ
Saurabh nath Jha,AGNLXH7GFRBUEG3GEYNDW6B6Z55Q
Joel Thomas,AEACCLBAYRCRJLUMTQVS5JSOYYVA
shaan bishwas,AG4KZO4DB3TYVVMBWPWMMJGD4ZYQ
pushpendra kumar,AEW6MM2KKYNQQXXAFQH4YNVRUBMQ
Madhav Ashokan,AFLGIDPC5GTJ4ET22CVZHSHBYCJA
Sreelal S,AEOZN7QHTHMBMPZ44PLKH7ML2GFA
Padmanabhan R,AE7D3RJLZB7FRIEHCAY6O2ATRJDQ
Evangelyssa,AHV4RBRC5YCXKIOQC2Y4PFTQPZJQ
Thenmozhi,AF6SKHWKK53BMAI6UVJA5FJMLK3A
Rudra patra,AGJBZ5PXDKBX5LAIWE4RFKQRZOPA
Hayat Ansari,AGT572FSHJL725535LQUNZXHTO2A
Anwesh Gudepu,AGFI7QAP24WKYIKSVOKOI6AH5QWQ
p a joseph,AF7KVNWBD7JWYLKGKXBYJ5O7RQ4Q
Ashish Pyasi,AGVKCM3HYXDY24CDSPW7OCLKBY5Q
Hremant,AHVZCQP5SYIVGZJK4LRP55ZXWETA
Yugandhar Menda,AEEH5DFNKICJXQME6UXNS3P3OM3A
& I Am IronMan,AGIQYUS55MG4UWXTEF4PRMPZWPQA
Neeraj Vishwakarma,AF7IXQKBUL6NEIQG4R53LMJJUGXQ
RISHABH K.,AH6ZYHC4ECJ56T4GGZCL6MITCTMA
Ravi Shankar,AEOIHOJD3O5MYSVWZOBDUJGYWZGQ
Abhiram Ganesh,AF33NXAARAF2D6VUOBSIWL5CV5MA
rajiv,AEB6ZUPDFZXQWXHE72JVVSO4ZFGA
Dhineshkumar,AEG6NCZPUEEC3YY267IS3YMFRBWA
Vijayan C V,AEGZSNGSJJAEMJ3RRNVZTKUILOHA
Jayanta,AF2RABP57DKRSINAD3R2DKITOV7Q
livin sebi,AFJVYK4FXVGRSTSLGVUE5JGB2NVA
IAMSRK,AHPRNMXR66DD77CEYCS5XWD6SIIQ
Dilip Panchal,AE2XMB6CEF4SCPYQI75GHNYEAXIA
Indrani B.,AEEFUBM5UGOQDCGWGY6JORVEO5QA
Amol W.,AFQ3U3VBOCWRK5FO7AHRDUWWSU3Q
Gopal krishna rout,AHH2TIJJ2IGD5H3DJO3FROUHRRSQ
Geetanshu Dev,AH25R3GOS3TJRM57EUOXPJ6YJDFA
Actual user,AGU76WKSU62DUNTPCMTC4FCUNRTQ
Abhay Gupta,AFSJUWV2I4CD53EPCRMOQJ3CWR3Q
Kamaldeep Singh,AHMBY2YCZ6C6D5ZPODSHKAMFGXJQ
Mohammad Shadab Mozaffar,AEVZ5C4WDFLWANNAZDB3Q33OK6JQ
hrithik,AH63HFCY2DBQCGPIVKPHXNHTA7WA
Dhruv Sharma,AGA4V2SLJ744MITK2FWWGPXOFB7A
Basim,AFPBB55ERBMYZ772BNASND7FMW5A
Devashish Gautam,AHL435VQHZZXB545DXGLIZSACFOQ
Vinay,AEBHZQJ4R2TZ57GOCSTMIP53F4JQ
Surajit Patra,AGLOZNSKAGH5XUZEAZ3FZTQ22CHQ
a.john,AENWPLS2BHDMH4O6DD7EYV5DOGHQ
Lingaraj Naik,AG4CULPDENY6NXR67DNAQU5VM42Q
Amit  Kumar Chaudhary,AG23N2Z5CVKFJZ6ZLIYU4NQTDKFA
Rayees Tigadi,AE6FSULFZEB65U7FWSETNHLBP5JQ
Prabakaran V,AF3I4EPZQIK3OVITINOGTUMCWQ7A
Sujili v,AFPYH3UF3GB4RNX3MX46AXFM2FTQ
Sachin Goel,AFXXFWMGUKQDP27JRILRUKME7R4Q
Ashwin,AFJAEGGXB3SFKV3CIQG672BJD3HQ
Sunil Funde,AEXK37TSBFHSP2TYE63YPKETWQ7Q
jatin.,AFRA4BGAKHDU2PFBCHKEPSVG5OYA
Md asif akhter,AEGQJH2NIAS54T7WKAHKVEO4B67A
SUBODH RAJ M S,AGRDTPMUHWAPVCLIT32C7WW2V6JA
Mb,AF5IDL42LBZCZ7A5YDGM2QFNUHEQ
Sayan,AFM6IHWXNLXOBO3JZTO5DN5QJROQ
ESWARAN,AE42EZDBUFSJZGL66F275G54PSUA
Ak,AEAX7BRPDS3NSYCZQBQDL5DGZDVA
Nadhiyarasan,AHFENRYJG4LPXDTUGEMG335VICSQ
SQL,AGMJ6TDLOVZIR5ZU65TLJFSLG2BQ
Bhawna,AETGW4KBMIJPPNVLPKB7R7O3FSQQ
Sreekumar KURUMALIKKAL,AHBISYTXOMEMKDTXVEKH57D2X3RA
Sudesh,AFF4TQVTALIJ24PF3PWD376ONLXQ
Amazon Customer,AHMOBOPW4OAANJ3VXXWX2QGJA6NA
vipul agnihotri,AGQZ46RQ5YJFVCSGI4BJGNXB7DZA
Anurag a.,AFMJDZKFVMHFW64W22IJYRZLNS7A
Akil,AG2KSOZBBZY3A37U4Q273OYH2IAQ
Sib,AEDCFJT7COKZ3DP4YGWKH6KU7LAA
Shanu SwamiKohar,AGI3LMXQXP4MEFM4NDQTJTXXQBVQ
dgp raju,AGYJ6QNPZV2B6GT2AC4MVSENRPQQ
Amazon P.,AFVYGOA4AWO77UIPMUNH6YSKSB5A
Vikash Kumar,AGQPAKYDQNK56M5SRVNDN4XOEDKQ
Jagroop Singh,AGTBYZOGBXCBMYG2AN7LT4WYRZRQ
Sandeep,AE6PYJAIQ4PNYJNVMWW6NOCP2SPA
iVan,AHMFATKIPX3KHDWWE63O3F5UM3DA
Chittibabu M,AEWW4RY2BE6FRKM6CVAJ2Z4ZTR7Q
Om Shankar,AGEWFIJDNQ73TIDHQIEMY6PTF7SQ
Amazon Customer,AF7XWA4GXXWKOYLWWKGKZIP5O7DQ
S Y,AHVZAVZYUTJOGQMHGNQVLQSOJNOQ
neeraj vashisht,AE42ODBABKBHKRL2PW5XSBEB2IWQ
Pranesh,AFQCUNSSU6YNN2GEJ2262U55BWYQ
manoj tanwar,AFDP6MHD6SSBGTNIH6VX4FQDKNUQ
Arijit,AF4RZTGOIDIWKKEFQWE3PIURRV2Q
shardendu dwivedi,AFHU7KCA3ZL6XOL3PYSGYJM4LAZA
Suri Babu,AHWC6QG7WU35GLKYM6XTOTHAXCIQ
Mithila Saha,AE23RS3W7GZO7LHYKJU6KSKVM4MQ
Kiran jot,AHM4ZOXDCO5UNP4WQUXKP4NWX64A
divya,AHFAYARHKASPMG7VH6BITH7O52SQ
Amazon Customer,AHNVMNUO3GZIOGQKKAGSPTXY5VEQ
RAMEN MONDAL,AFIIPGUQPWYMXSWDC6UMMV2GNLFA
Vikash ranjan,AFBFA6KBCRGWVDW4KGK4IGLOZOMQ
Swapnil Mane,AHXSYSLVVATNHR4SWPLA3L63YUTQ
koustav,AECUHYUPESWI2DB5JMEZQF77VWOA
Sachin Ramola,AFY43URPP4H2YAU54BXZXHAA4PFA
Neeraj Vishwakarma,AF7IXQKBUL6NEIQG4R53LMJJUGXQ
L B,AGEBUO6CQ3XQHSSH3PUT2M3VRIIA
Nirupma Kumari,AHHR537KLQY7CNKPQSL3SFUGQFYQ
Amresh Tiwari,AHFT3PEI64SYXMAXBJMISWFPD72A
dharshnaselvan,AFBHLRTSYYAZ2IGMVF2BNV6ZPG3A
manmeet gupta,AF46TGPPTX6KI5LAMPWQUT2FWGAA
Vipin Arora,AE7ZYKK6AN7B2Y7ACR7JHJW236LA
Rajesh kumar,AF23KL3IJO4DTXNR7B6VYLGMPPOA
Icu,AFVKRRAFQOO6G7UIAK6H44N3AHUQ
Arun siddharth jr,AGI226GQCKRT4Z3EB3IW3VTJRT6A
videv,AGKKNM6BD3A6GKIOIIX4JJBDLDYQ
ANIL. KUMAR,AHQKNH5JPOQWCNN2ZCUK34VEJAKQ
Lakshminarayana G,AHFKBN3ZZECQJAP2WEVEDSPH67CQ
Sivakrishna,AF2FWVZPG6WMO4ERTECABX7BLUGQ
Avi kaur,AEB475WQGOIS7R5P667OS3Y4YYSQ
Shaji Kuruvilla,AGPSLGGTW5EHCUCCFEPSMH76H3NQ
Liz M,AHRVVXFPTDB3B4XEYTEX3C4ZF2PA
Hariom,AFQJZK36S3SRAAAD3376U4KTPU6Q
Usha,AGWW6QNDSOJD7QJMPIUX6ARHJNYQ
BISHAL,AETWBQWWSOPB4VOZOE6DGW5XCJWA
Ishan,AFEKMA42BV5FJVCTFCTNOITU3J5Q
Phani Prasad N,AET6ITYPXTZDZO5QV36VRCTRCTVQ
Ram Avtar,AHUG6D2J2WHZ6AU62RNYKNEOZECQ
SANDEEP BANNAJJI,AHS2AIH74SEVYE3K6Y44ZV7EASTQ
Rajiv Ranjan Singh,AH7ZFZAWQV5VTWQHLXZYDGFDNJGQ
Abhilash Sengupta,AF6LIODHEVBNHSICH65AHW3Q5K6Q
Aravind,AGHGGSIQM4RM22XLL7RSBII7HZIA
ll,AH2MRKVSHAWAMAXALBY6VSDCFMSA
Ocean,AGNRGEU74CPJRWEMJZHU67GWHETQ
hufriya kavarana,AGXV3SLRVNDIMF34OAZ3FYMCV7DQ
Madhuri Khanolkar,AHI2TJYEOS5WZ2OAP2BRD5PPXNCQ
Amazon Customer,AHS4CWP5EVS55YZCJPTJGOYTU3HA
Atharva kambale,AF2OOHAIFJV65X44LFLRPUNYNXJA
Kulsoom Hussain,AFWHK4LKZHJJVZKD23JDBSMYCTWA
SELVA velayutham,AGX7Q447BYAOPUPJVHUBUYDFSEGA
alok tripathi,AFK6D62HRZSHP5W3DE5QGYUYJQEA
ZenGirl,AHSLOMUBZXIC52OGKOTLUNTGWYTQ
Prashant,AHELT4VFJYRAZDGAQPKJRJNHBTEA
Prathiba R,AEWWWALRID3B4CQQK7PMSARCRM7Q
Md amzad khan,AFTXFDZKRU76YNC2ZIWIBDVQUPNQ
Ananya,AEOEF4FMKNN5QZZVUQDHHKWRHCGA
Sathish Kumar,AHLQSFOZ3EHRPTEANJF2JUZUQOQQ
vaneesha,AGOKX4THWIRFYRMYQ5KFQHJZFBLQ
Robin,AEKVPYNV2YHIUCUH64CJDRAYRHTQ
SURAJ VERMA,AEYE6GBRAGTNWEYKWB7FR7N6TDXA
Vicky sahu,AESS4FF6GYJRGBSKKQTONA6UA34A
Deepak Kumar,AE3DRCI3U5PRSINPY2TZAU6JEWBA
Vivek Koushik,AGIVW6YDF6G7356WR2KBPADPKE7A
Vikas Singh,AFQZVGSOSOJHKFQQMCEI4725QEKQ
Samrat Singh,AHQLMUZTIPYZJ3Z5YZSFDWES7DGA
Monika kochhar,AG43Z7WV62ULSGSI3JHOKCZZRSLQ
Sneha W.,AET3FR7J3R37VHFFZQHMBLV5ELOA
Aditi,AE5LEWHQDGISBMSHQ3QRHVAO5ROQ
Balaji,AGOCKZ76H6K5XE67QWLOFO5SZMJQ
Raunak Kumar,AHA3JEZZDQPHSAYB2HWK5HNPXHIA
Joydeep Bhattacharjee,AHX5COLYUD4DO3WUMFCOQ47NPJFQ
ARCHANA SINGH,AEWNF4GPHERXGZRJC3TOQRSXCQ2A
Bala J,AHFS3ZLC4Q5YY36YMZJ4NAIVELMA
TK Saha,AHKAX2IH662IVTVKNQJC356T3D6Q
niket,AFIW7SS6JYD246VDPFCNSS45PH7A
ruhi a.,AEMDF6YAXYO7WQUIAFGEULA7NWWQ
Rohit,AFCEPFOBTC7XT2G2WLISEFCKSTMQ
NARENDRA A.,AGOQZTWW4TWCEF63HEFYT4AEIFPA
Kewal k.,AF4OLYBDMHJV5DUGONVIH7GU2V7Q
Jyoti Dwivedi,AE7WYVO3LE7NWMHVORZVUYS55TJQ
Anjali,AFR3CAZ3QN2PEXO45OEKQQ2YJPTA
Partha Sen,AGMCZ2KDUK34T3TUMG3JCFV7FOTA
Annonymous,AFZ5ADF4DVYO3IS67WN2K6UKSVSQ
Aam Adami for India.,AF5OHXMN4BMFYFBAHRA3KF55LEMQ
Soorya,AGCKLWECKEAMHEPQZ4RSRYXBFI4Q
Amazon Customer,AFUYYV4MJWXM6FKQL6BR44OK52GA
Dr.  Balasubramanian Pechimuthu,AE7M7M6QTDYEHQKAKXIWO2OVMBXQ
Abha Rani,AGJOLQCEFNEKB33FOCJ2YIEVT5DA
Suryaranjan S.,AEZVOCIG5UB5RYBT7P35LXEYGNUA
Prabhat,AENY7MQ3WUVPIJ5I5GPDPMC3NKPA
Tan,AG6A2WAGVLEAIUQYP2YYIVAFTYPQ
Ekambaram,AGVCTA243VHAYH4RQKB4TVYSPC7Q
K Ramesh,AHF3WL6GGYYJSX6HUJCDG67S4EYQ
manisha,AGYNRGEH26Z7PFCEBRVWTJ6RZ4PA
MEWT,AHVLMPOZX552F4S4UIO5DEVGXBAQ
Rohit Dudeja,AE3T4QKW5KPNX5VAVCS5K43WSESQ
Pooja,AFENRIT42SOS4O7C4PHSKJNNWIWA
Raj Patel,AFL4CXIRQT4PT764WYAH2OT3TSBQ
Ashish,AGND3HQB3XFX544IUGTCX3IKAEPA
Priyanka Das,AEPRNLSE43UGWKAMTLIKPM2LEAMQ
⚡ Pushpendra Singh Patel ⚡,AGBITVO2DOMNZU6DB4QF2WXXELLA
Shiv Kumar Saini,AFHCG4ZUNHS5X7PYX6IPZA3AO7PA
gowtham saran,AFJVAVYH2K6VUCTNLA5HZ45VQFKA
Rakesh,AGBFUWHPPCGWJDR6B4OMKVTJXAMA
Yogita g.,AEU7DVFEL43XZ6T4D572W2ZLBRKQ
santosh,AGDV2MRADKOX2DX27DLTJRCUNFLQ
Shreya Saxena,AHODVRQWWJ6ZANKRQMUTC2XAP7DA
Vikram Chesetty,AFS5PZPVKEP3UJSDPRPDIR2MKGHA
kanwar Singh,AFMJG5IJKO7AFSAAXTAAHIKK4DDA
Rahul,AENPIPI2T7E6R4HKOBKZAQFCJZUQ
Rohan Bhosale,AFAD3K54MDC5KWKEIL4GPRMDUCSA
Durga Prasadu,AGOUMGTCVOVNACJWHOI6QXEOFWFQ
Priya Tewari,AERNKVJL26A7X5OYWX3736CMPO4A
Vayun,AENFBKCVXFCSNELMZME3E3W7WNOA
R.Ravinder,AHGFUWNO5JO5V5DUDHKMWTLNP5HA
Smithil,AFBJUY4B45VSG7ROPSXR44Y3PCJA
Arivazhagan,AG6W5HESRSDLBX3NCYOOUGFOWERA
Neha Gupta,AFEKJVIJNA64W3J3MTGDJUQ6TQOA
Samson,AGGFXDLCFZMTLJJDR3ZFKEOXCFLQ
SARAN,AHA6L5K5EK56VNJQCX6ELQD6IIOA
Swathi,AHMV7CFP5QJKQVZUWZJHE4HZ2ICA
Akash,AHHRHRPMQ3O5NZ3NJEFYSDPS7XHA
Vivek,AFN56JFPWCIQUPBWBBKRTB5ACQFQ
tarun,AE57EASYAUGIY3LHBP7QIOETS7IA
Naitik Parekh,AHO6AWGPNKTSTMNPWGZB4WHA2U2Q
Amazon Customer,AGUM6DLWGQ2LOM4MCKXEXKBXHXCQ
Ulhas,AHT4OY427LBXPJRGFTQ7TYZXYHWQ
Amandeep singh,AHNDW5VKSMBFMC7T34ASEI7Y3GZA
Rattan Lal Narula,AEDOY7QSF22AYSFDSBF32NURIY3A
Shahnawaz khan,AEVL6TZWDKICBU5K36HGBG65WXKQ
Alpana Das,AEKI4HAUSUPZGRQ6Q3ATSP4TB6CQ
9848023076,AGDKUP57RD2RF2PYRHJ4HC2WB6CA
Anon,AHMTCI6WVIFQLBPVV775QDEU32MA
Mahesh Thakur,AHDISL5G65X3FMRD2D2ARNXONYEQ
Rahul Miranda,AH4EVNVE6UOOFIDLJ45XA6SXIILQ
Nidha,AHYKYPQWG6D57RWV5BGGMKG6D6WA
Amisha Nath,AF5YTGKUGQPPKFKV7FI2WPBEB3FQ
Nasim shaikh,AFGFQJHNRDFOHITQCVI57A5AVAGA
Shahul hameed,AFE4ZYVJSLM3MSXZHWHIWFGRMNPQ
Krishnakumar,AFCTHM6AKLOSBDAUNR7MV55OB3MQ
Aisha,AESRBPLU5VWDLZIS34S4MGRGXOHA
Dhatwalia,AHHUP4DBXB2AQMEO27XIQ3DJSVDQ
Dharmender Sharma,AGYLQ6KMOYG2N4U5GNYARX2MBB4Q
Ravi,AG2VMF3LINMMYN5BJ7Q62SD5URUQ
deepak jha,AEBMJLSOXQ6R3AYV2E5IRO5ENPLQ
Ms Subba,AH7K632CGUBDY6LHNAPIN5X53WXA
Tapan Dutta,AH2NLR3ZG7SADP6RTRU5PDZUBKYQ
Shravan,AFMYG55DVSCMWPRUIPSASBB62VCQ
Amazon Customer,AGDWMV5ZAHCSPG6IMWYOTBTOB6XQ
Rahul,AH24GHGDZ5S7GOOVQK24MQS5IR4Q
Ponnuri Gopie Krishna,AF4KTTHGNSGQHWC7BH5MSSBCULSQ
Gulshan,AECBOMQMFPCFZ2YYN5SAQTT52Q5A
Priti jain,AFDSTWW5X5LM7QSJ7TE2GDJEZHSA
Priti Sharma,AFSZEPUJZUDS3NRVEAO5MHUCAEPA
vignesh,AGQFZAOQEKMAPWYU6U2R2SHO6S4A
Amit Khiwal,AFR4DPHPUUE5HOH5IDNMNRCEHKBQ
Ruhi Mir,AFA6NJKGCITRFOYKD2FMBD44UBPA
Mahenddhra,AENJBTR2KDJMOAEQA4AROLV244QQ
SUNIL KUMAR BHIKHA BHAI RATHOD,AGY5EGSNGK2VAYOXWLKHP5GX44YA
S.Anbarasan,AFGPSJTYN4E3AQJH23WKOKD2FZCA
Amazon Customer,AGRJZJKWKIE573KM5FWPOH4F7YCA
I am patel,AHF4QZVKU6HOKT3PM4JVK5LGQAWQ
Lipsy Mohapatra,AGP7FT53TVZYTLYSU63C77AMNKRA
sharad shedge,AHIJVXU2LMW6UBF6VPT4BGMBMYBA
JAYAPRAKASH P,AHS7IMVVE56BINTOOQEC3ZDFCCRA
Shubhajeet D.,AH4WZKCWB4OVUG2LZUAFGWSVS4WQ
Aditya Tapkir,AHXO7SHNST675ORXUKNNHR2YKEKA
Ajay,AFQS7QOVM7KTUWEZSVZH4XTGNAYA
Tanveer,AFWJEGTWPLJFLEMNP6NHQWDEMR7A
Sandesh,AEG4VIVKNFDYAV2FCBSOHWCVZSVQ
Naveen,AFAVAR36WZOZ3TA3WC3KI2OKYJ2Q
tamilarasi,AFUZ26ZD32I23WLX6MO6UUGYB6VQ
Learning always,AFMIEGKNXXCMLWZFOBJ2D377PHVA
S.saravanan,AH7OT4IUCAKFYCPJ3SVLAHV7E2YA
Vikram das,AHA4YQ5UYLOP7A7T2KRK6ULD7LJA
Kindle Customer,AG56BWR4QA24HMU37HCG7LXA5BIQ
Tushar A.,AHLGRFI7QX34GNBZPPXAU3XDMUEA
alok tripathi,AFK6D62HRZSHP5W3DE5QGYUYJQEA
Subanathan,AFQAXRM4XEA72PNIMWCW2F53ISWA
Adwait Kulkarni,AHBB6UBYHJ5FH2BUFQ2BCXHWQFJQ
manian,AG6N6OO4GIHAHRVNERRTV3FJA2BQ
Dinesh,AGP5YURZQ6W2GKYILORIGKB3NDUQ
123MovieTime,AGMHHTX7GPWHZAUTEYQOFEEDFMDQ
Trusted User,AH2AVPUOI6A3TMI5OK6YM4II7HXA
Axis Web Art Private Limited,AGQB7NBV5YVA7UFL3TOP7HJ4YOWQ
shammi,AG6AS2KLLZMPPPEKF5RIJXTMA4FA
Durgaprasad g.,AECYTJD5MC5XGEX75UZY6T64WX5A
Gajendra Kumar sharma,AH4ZZLZF5JO74MJ3E6WURPHAOKVA
Dev Shah,AH6MHH7KNPHZPN7D5YSSWDQITIMQ
Virjesh,AH3B5DMNZY5TWDFIRV76LBCK7BOA
SATENDRA SAINI,AFM3U2B3HNE4E5JV4Z6K7WD3LRUQ
Amazon Customer,AE5DRZFQN56UNHWLA6RSKDLDXU3Q
Syed sarfarazuddin,AGCIDEDP2GEN4VHVU6CCSRL6RF6A
Prasad Kulasekar,AGJPGWOXW4667QJXNDCLUWWVZTBA
Vysh,AHAAD3NPHK6M6MFXLOIIVQSQQBGA
Gopal Krishan,AFCPQ5WS6XHYA7PKRTOCC7TRJWHA
Amit Sood,AFM4A33L64TPLILW4OHTSKRZR3NQ
Q,AEZPN2FXQGKONKQKDSREETOWTLGQ
Sri,AHUR3WRNQOQ44GWIBTXRYLF6UTAA
Rachna,AE5CXOIK2XJRKPRSKOXHICJHG3UQ
S K THAKUR,AGV6QTOYJLPJ64XHY7VR6NKFKHVA
Nadeem,AFXYPYAOFDHWH4CXSBUVX2XXIOSA
Manya,AHRDA66XO63XYCBZJMW4EUJN3BFQ
Nadia,AHKRBVYCV4TUHOZIMGK4H55YGMFQ
Sharfuddin Baba Mohammed,AE5TYL3HV3PPD3BRG5C5HJO6Z2SA
XYZ,AHGP46O5MO2FPEVAHZM6A7EZHAEA
Jagdeep,AG22QSZIES6VEC3IVAGKQD4N7WHA
Aliahmed Khan,AF4PTAVL6VZB5QTMNHLKUQ3LMZLA
devadas,AF2CSPPKO2SSBDRBRGHC45BWIELQ
Angel👼,AF7QK5FHWPIIYYCVERDUJEZYTSXQ
Kavya jain,AHXNEJ47QV434CJ2CITRIYTIZFDQ
M L.,AEBZ2HAXFK35IM72RWPADC7VH3EA
ajaydreamer,AGYUFQB6WUOMBYRLWNULRLC4GQ3A
Renu,AFZESR4UNHIMTL2SQMFA3FJYKHAQ
Vaibhav G.,AGT6US6YWB52FSW73Z6GUN4YKLMA
MANEESH Jaggari,AGB3FQ7523INWDNY3MAHJWA5ZGIQ
shiny,AHFILHSL3P3VABTMFUYKAWTNUWVQ
Customer,AFEJIT5UQ3HEOL3DZC6L6KYRV3DQ
ABC user,AEUGPJCYVDS74WR3B5AAHYQ67XMA
Manish Holla,AEFYJ3VKDQDLXLOEH7TKQUXIT7HA
Lachhu Tejwani,AFIVMIYDHVSWUJ77XS632R7TSN6A
Rahul chauhan,AG23E67LYRJ6Y26AIHNKS6ES4OXQ
Chesin Cherian,AFSG325V4OVLV4CZQO3Q4OIHYNAA
Yogesh,AHTJVOG52ZROVUFB64P2TTWIUCYQ
Chittaranjan Gantayat,AGHNV56OVDCREEB45JCJLBST7XDA
Rajeev M,AETUVXSYNBLCDT2ZXECIXNWDVCEQ
Reena Rodrigues.,AF67LQRZS6WAY2MDTZEV7V5VKLLQ
Amazon Customer,AECK2OJ3MXCQOGMEUQOFE6NDAU5Q
asha chatri,AEIDEFLG7JQYBGDO37SBXCH7B5KQ
bharath,AGXLM7AXU7V4W4OQ3VSKDHE5D3JQ
Khush,AENFDXWEAU44PPUHUUVPYH77NQOA
Lokesh Shukla,AGZRM2RWS4THP5KLEQGH6NRPQTDA
ANILKUMAR,AHEE4KV3RGGHWUXGCNXJ4DMKM53A
Anshuk Pani,AEJS5FT3PUYMZ27UQBFICD2YXDQA
Nitin G.,AFZ2YKWX4KR7MWSA6UOMEGGHT32A
AV,AEKB7MS4WMERS6DHWXCANJ5TPTRA
Amazon Customer,AEUXMKJNJJBXOKFC3FADQRG2OIMQ
Aryan Raj Singh,AHVHHPNIDA6XPCW2ODA2IHXUHZYA
Tabassum,AEY6PEMQ7DII44WSUSC67JEWDE3A
ASIF ANSARI,AGDD5ACY3AGTMTVBQOC3DMUR6REA
Alok Vajpayee,AF7PPF6P5ZASHL4RYP7AZQBHRRTQ
Jignesh malvi,AG2VWPTTUEHEZWGDIYDJWPX7IDJQ
Srishty,AFIO2JLNOU6SSNCHMG2ZED34SVNQ
Sunny Senpai,AE6YWSEP7SYHCL2F5WLM3JLAPTDA
Yashvant Gote,AEJKHGA26MUVUZIYWZOW4B6I4X7Q
David,AEKMKQMXK2FBIL6MRKHIPN56QJAQ
Arjun A,AHXQPNDQMOD2RJE2S6KG3CM6QRXA
Manish Mehekare,AHZJHJWFZLYD64GVP4PXVI2F4LXA
Subhajit Sadhu,AH6NXC2M3PH6OZHLJ6YXG54VIBMA
Kanwar Singh,AGYS2OMZE7DCEFQOBUJ7OSMPG3DQ
Vivek,AH6EYS5AIDI7KYTTTFTZZHH433UA
Chanchal Gurjar,AENGRDSABHKCYNYJPZ2SML6FWVHA
Amit Singh,AFUIW75M2VCMJ2RAD5HFEUHXCRKA
Ravi,AFCLVEPUPFSZU5KJMDBYKGARGQBQ
Ravinder kumar,AFS6NM2UFY5M77EWX5YT2KBMWBVQ
A.sh,AHX7I43IUBTBR5SMBWXO2VWLFLDA
vipin,AE7RG5GRVSLRP2HGPKIF2JJ7BAHQ
nikhil,AGXJAYXZKJ6NCPSLX57MXJLQ3F6Q
vaibhav anand,AGIHTJB62LSES5P47SG25CPSV4IQ
Amazon Customer,AHF45IU3KZ4H47ZP3F7CZE7MHYNQ
Bharath,AFWRX7NJDJNWOBKAJFVHN5WRNBZQ
9640185788,AGSOQRGXBG47F35QN7GIZU6WKZ6A
Sunil Khandagale,AGC3Z3473ZVXYFMWYSAUE2T7V3MA
Sachin Sahu,AEK23DLXXPG7UORUYI2DDS7RFVYA
Jaydeep,AFDTW4TES6JHT7YJUXKDFQJPRZXQ
Shivraj,AH6L4HL7SHZ5FT3XJRTBG4VRQDDQ
Vasanta Koli,AFNXAQBP6KZJYZD554ML2KJJTQVA
Manidipa Sengupta,AGHT3K4KSG5MAQUSXRDT5VNB73GA
PK,AGWRDM5YZKAAJ46Y2NUJSMCFD2RQ
Dhamotharan,AGPO6ZBQ2HPAKJULWTNQSP7FOBZQ
Surya,AEHI7PMP7HHH3BIMEMM4D6XKJC2Q
Vishnu S. Mishra,AGGPBIDY2R3EUF2WDFJDCB27YWUA
Amazon Customer,AH6P2FS36YMFXR6BCZY4QI3A5EGQ
Ritika,AELHZH2PRVKJIVTQMABOTT6LUMBQ
deepika chaturvedi,AEYYS445R5U3OMTCXTPFPPYIOC3A
Bobby,AG6ST6L57J4B7UHNXKEV55ZP3NPQ
Gopal   Bhakat,AFRHROLDDYV3Z75BI2LCW6O6OPTQ
Aniket Chudnaik,AEPMS5PFD6A3CBZ7A5GCVJURRQPA
Nishant sharma,AGATYIKGAWO26SQJ7K7TDN2LFUSQ
VINAY,AG3PLRKXVXLYQ7YHOIU4QVWWFBAQ
Sheetal Satish,AG2REE6BFNII6CHJQ2HQCG4Q5BWQ
prem chand,AE4L3MBEACOHT7Y7GGWQ72DUJ6SA
Shiva,AEYHTCWWZYU3JQBU6SLNFFT3OMVQ
Shivang,AELCV26DAB56JEU7CL2LUTR2TYKA
Kindle Customer,AENQUXAACC6E53BRVBZPXCC356OA
Nipurn Ruhela,AGR7UFLFQ3KUH7644ARDPSSYAZ2Q
Aniruddha biswas,AG636YCW33ZTJ3O67MQZNNNAIJVQ
Anshika Verma,AGVONMMX6YJEEGSYPHCV2JQBJYSQ
NIKITA,AFS2KZ7HYC7JUO5JOGPAQY2IKNGA
Mukta Khan,AHZFKWGDBRQKNMNQ4ZPL52OZBRKA
JASWANTSINGH,AGBNLIOKIT72A2TBLG6A35XUEIMQ
Boo,AEQX3KIYFY6RCTFIX2J76NVKPF3Q
GB SLG,AFXT4M4YZCGYWUG22BMXEOB7VUOA
Hem,AGYTFOW77SU6CYA7L2ID3IYBWMLA
Karan Singh,AHJT2MQLGOFNAFFNLLJGIYO5LT5Q
manjula,AHC7U7MTAN2Y2T6X2G43SWSQHETQ
Liliput99,AGRAAUFFZVW3L5L4MV65HRI63NPA
Nikhil Kumar Singh,AGD2UEWN67Y75EOCKEJE7TSOKPDA
Manish kumar,AGUJD7ONEYENBWZTZDMV2R5WUS5Q
jaydeep barad,AH2PWK54MG3S6EOHGLGP3LTQJOAQ
Sivaraman S,AEUTMRODCZ5QP6FRYACICHQHJGJA
Placeholder,AFA27PWZ7R6SHPUK6YI3LUPVQAXA
Amit,AFVRAZD6HB5ALMMLJRZYAA45RKFQ
Vinod,AHWEG7FHG5CEE2TMD524HYGNU32Q
Srishti Agraharrie,AEP43IVDSJR5UREBLL53W5AJKZTQ
Vivi nyuthe,AFIW2LGGEMKYVUE6UG2YLJ73QOLA
Anuj Dhingra (Gadget Gig),AHRTYUKNV36J2ZEK4CKJMQOK4S6Q
s_ray77,AH2JOLKV3633COTRT3L6472Q7MIA
srikanthmk,AFFEE53W5EYO6PULAOG7PB3ROPMQ
Lakshmi d.,AF2JJYV2AX7CVSWYMLNZGFVHPLZA
E.GURUBARAN,AFDMLUXC5LS5RXDJSJJRHNBURIVQ
Ritu,AEZB53KJUQPIRSWWZ2SUY6RRAQBQ
ABHISHEK KUMAR,AGBYWFEGGX6QM6XB3ZPQADKKXAHA
dr. sunil,AHFGOH4GBUXQQ45BNRBY7MHPN4NQ
Navin thawani,AG2BB3Q2AQB7SBFBURGYSMFHDAOA
Sheila Araujo,AHASL3JOKSWSNG6FWBDKBPBMMSKQ
Amazon Customer,AEKI4KLUAOWCEBHQHFGVBZTGMPYQ
Amazon Customer,AHR5L5KIBZTDOOO4PR5ZHTTVTZGA
Svblue,AEGJT6ZZJCVJKSQZPBCCMRTQ4HLA
Asha Saraswat,AECLI7T73FK3PR4D3GESJ6QUGW6A
Aftab mulani,AF23N54DJK4PDU75O4EWJD5GHV7A
Akash Yadav,AHAXZDBQKLBWPQN5BFPSURNHWECA
Vikas kabra,AGMYSLV6NNOAYES25JDTJPCZY47A
Vijay sharma,AGSSGQZGH7RKLPAP2JFZ44PHAWDA
Dr Yashaswi Dalal,AGAJXGDRTICIRCARGVACQLPWIFMA
Amazon Customer,AHIDFZK6JPIY7FCTPZQJR6MSWV7Q
Rajnish Sood,AFS7B5AZ62CAX22H7LCYNQXVCQAQ
Sudhirw,AEM2OFBD5ABDZGYUPPUYMCBFDEXA
Himasrivastava,AGKZK3N7KYOTCRFGWGDF2EJIQISA
Swati Chaudhari,AFUXDVUZ2STL3ALSLWBDEAJBR7BA
Gautam B.,AGOHEKMCFFEVVEYK75KRR6JUN5LA
Buyer (Name protected),AEXIMD2ECDFFF6J2U7TZ5IXA2GSQ
Karthikeyan J,AFUH5D4EYPVUKL6RIODLMEAZDVEA
Naina,AG72HBSOIRQFGJN2NY3GPAEEHZTA
Sudhakar Samuel,AECTTIBADJRR6PNCGQM3KLJT65XQ
Sumit,AF4B327ZIB5IJWIFEVY6BWMB75VA
Amit,AHCSFNVYY5Z4MC3YQWCKQXN43UKA
Aashishnautiyal,AGLUPY33OM375F64CHDCQW3KF64Q
Nikhilesh T.,AFZBWPKSEOJ3ZXAVS7IA5QMLX6SQ
Amazon Customer,AHNCY56JLPCF2AHRH3SO2RIKHYFA
mirza f.,AG7YXM3CTKIWDRFUWCMM5KGHAP3Q
Amazon Customer,AER7IMDKY6Y2NLWEIAOEOEMWPTQA
Pratik garg,AHD7UBRNLFOB46RIRLFXKJY6N53Q
Dinesh,AH7CVQ6755UNVDKSBS2CKWMHOCZQ
Imran Ahmed K,AHEZ2YIPI6Z3RJH22BSRYMSPEWOA
Gyani baba,AG4KXXU3X2W7U5GHPFTQUH7B74QQ
Srujan kumar,AEVX4JV3C4QR3Y3V3RJXQ2WZAR4Q
Pierre Francis,AGTISTATRBDCRY35BAIENJ3YZLXQ
Samsakthi2008,AGGOQNG25MN3SQK67LCMYO2ANTNA
vijay patel,AGLUHXCJJDHZGCCQWBKUF7NAKL3A
MM,AFZOUV6DSSLIWTHCEQED5RR6HGHQ
Rahul Todur,AE556ASSODHNECNYDEABP6Q7Z75Q
sudesh h.,AEZUK5C5IY67OZ35JX7BP2WBG6JA
Aadhityaa,AGV2QERVROHQ3E44IHQIUKCEEO3Q
Bindu,AHJX6GE7IGMLFM75SMKATV5ZRZ2A
Rajeev Lochan Brahman,AFGVIUCA3RTCKMTDTO3XGNTHYFWQ
rhymerium,AFBU5FXWPA2YVMWWIMGYMA2AG34A
Deepak,AFRB32NPLQW24ZGJTXRYK6OUI2HA
Ronish,AHYDKTW3WJO4HNGBHBOAFCJ3LOSA
A H.,AE64UCDJJ5GO35UI7VJ2OCCZMGFQ
Jasmin Azzuhoor,AG7XS62BBYTJDLOVUFYPSQ2DZZZA
Santhosh,AF6I3MZF3P2HMDTVRZR77JNTYUCQ
Sonu kumar singh,AFGT22JJOXW56REVEYUUUEME2ABA
Ayush kumar Prajapati,AHBJKJCUV3CH6774KEAQSRLKXU4A
Priya S.,AEBPX652YIDCC2QXOBBBXXZREV5A
Vinesh,AEOBCJAUHKQ3VOH4XXCLGXUUDXCQ
Vineeth,AHWLTHKYKXVQESLJVESM5URXROEA
Ateendra GN,AHLSYCYRDNSLULX4Q5KSDKLBPP6Q
Ramaan Singh,AEZWAAKKFCXMULYUT7J5ZD3RGU5A
Hem Chand,AFSITWWNNRRRYZ6LBPGPBIZAQDXQ
Amazon Customer,AFPPIAJJ3UPHOS4GKNCSCB6WEVKQ
Ashish Mishra,AHHBMYHNLEWTUVSATQ2JSLH6N7LQ
Riya,AENNXW426LQ63GMKZIY7YEECRBUQ
ASHFAK KHAN,AHSGCVKHDAXRUG4R7V3RB6WYLZCQ
Satya Ghettem,AHXO56F7SD2DIP32TF2DYFXQRYLA
kishor kumar,AGW2ESCSKYPOEDCQW2H3CYYA3QBQ
Esther newmai,AH3ZSUV53ESBP32X2A35F2JJQGZA
chetan,AEANG43WACMLOHWRIT6NS5P2SEYQ
Nanki,AF4T2X4ERS7QGU6JMK3GRNIMH2AQ
rahul,AERJZJB2VKDQ53SXTPGMBWV7Q7VQ
PRADEEP KUMAR,AHXCBTJQZHWSZ45OSYZA4PGMC4UQ
Anshu,AGHRHCHAT6IPHIIAOXM2GKHOUCCA
Vasu P,AFJLDRIDWU5X34BNJZSWOG3FHLRA
Shalini A,AFD544VTKFVTUBCBN3HKF2KO33TA
S@NU,AHVVQSZB3JHHISCLVRS6TQ3C4U5Q
Poonam k.,AHL4FIBWH6TPOJZ476FTXTHNENWA
Tengop,AGS4ODHNPY3TQGAIJFDY4I33URHA
Sai,AE7FJN3NTELV6LEGHCJEF3KVHDTQ
Vinit S.,AG33A6XPV67G77FOMXFCNTTPNT4Q
A.D.PAUL & CO.,AFOFEXFKGILFV2MXRWKIQNUBGBIQ
Sunil ashat,AE33HJDC2ZFONU6UHWESJ4GJ25ZQ
Abhishek Dutta,AHVZ5IAOQDTXLG7AYCDLY5WD5PHA
Dattatray Jadhav,AHV7VFXJYDBTWGFGTXFVC65CQIVQ
Vamsi,AEBNUYHIR7GVMMLJXH5ONPDIJF7Q
Taniya singh,AEFNT7TWJYDOX5RL3Y5YW77IZT5A
Prakash,AHFX5HMDRZADFXH5XYJLGRDZFM3Q
Varun Dubey,AGYYUWOUJKKTMI5CXTJHL6S5YKXQ
Govind Khatri,AGWWAYI5PN6JJ6UDW7QGDYYH5LHQ
Dasarath rao,AEPLCTMJT4PB45KID6LD2QCXWFRA
p c joshi,AFQWELRSJ2U4E2GUXWDKEGNYOGJA
Rohan Sakhare,AEDWGHRREZFUGG26RHCC755HN7HA
nagarjuna pedamuthi,AHIVX7Y7GNWVU36D4RNPEFSHHQCA
Lulzdrone,AEAHCVLMYLKLICSIKCTUS54NVQ2A
Narinder Kaur,AHKMDKVJS3O2FONH6P2GLWKV7BGA
Shravan patel,AGYWNEMMI425KXXTZCVB7FOQBWNA
Sandip Biswas,AEACEPNVLWUZDAPOTC4PB6YMDU4A
ANURAG,AE4755NP2P2WIA3W6UZ4GBQUMYJQ
Anmol Khanna,AF6LRVDRKYWPTZXZLQERZ3LXCWDA
Placeholder,AGG6B7ZD5FGH7KFHMESWE3VMHGBQ
Megha Gadiya,AF7UYUVEZZUXIIOJWWI776NZPTRQ
Deepak B.,AGK7PREKINHWXGPFNGY22DD3HBKA
Sumit kumar,AHURA5DMKF4YWCDDT44ACQDCBJAQ
Vaishnavi,AEHOZYTOH5VUWA2Z7OB672WX4F5A
Manoj Kumar,AECFYIUCHSZXDLACTYPEUSM5DIKA
Ashish,AFCTMQKPVJI6Y2JPIGDKRKIAV43A
AmazonCust,AHYXOMUJUKZHBWHP43ZAB265EDGA
gitesh jaiswal,AE5FZ5B3EEES45Q26PNUBTJ5DRYA
Kunal Sen,AFPKVN5KLHB4MHSYDS25Q5MIWWKQ
Prabha ds,AHITFY6AHALOFOHOZEOC6XBP4FEA
Manu Bhai,AFG5FM3NEMOL6BNFRV2NK5FNJCHQ
Nehal Desai,AGVPWCMAHYQWJOQKMUJN4DW3KM5Q
Shubham Dubey,AF2JQCLSCY3QJATWUNNHUSVUPNQQ
Rajib,AFGW5PT3R6ZAVQR4Y5MWVAKBZAYA
